name_id,farm,diet_composition,feed_bunk_background,feed_bunk_format,adjustment,score
score-0_0,2,NApp,cement,h-bunk,increase,0
score-0_1,2,NApp,cement,h-bunk,increase,0
score-0_2,7,NApp,cement,j-bunk,increase,0
score-0_3,7,NApp,cement,j-bunk,increase,0
score-0_4,7,NApp,cement,j-bunk,increase,0
score-0_5,7,NApp,cement,j-bunk,increase,0
score-0_6,7,NApp,cement,j-bunk,increase,0
score-0_7,7,NApp,cement,j-bunk,increase,0
score-0_8,7,NApp,cement,j-bunk,increase,0
score-0_9,7,NApp,cement,j-bunk,increase,0
score-0_10,7,NApp,cement,j-bunk,increase,0
score-0_11,7,NApp,cement,j-bunk,increase,0
score-0_12,7,NApp,cement,j-bunk,increase,0
score-0_13,7,NApp,cement,j-bunk,increase,0
score-0_14,7,NApp,cement,j-bunk,increase,0
score-0_15,7,NApp,cement,j-bunk,increase,0
score-0_16,7,NApp,cement,j-bunk,increase,0
score-0_17,7,NApp,cement,j-bunk,increase,0
score-0_18,7,NApp,cement,j-bunk,increase,0
score-0_19,7,NApp,cement,j-bunk,increase,0
score-0_20,7,NApp,cement,j-bunk,increase,0
score-0_21,7,NApp,cement,j-bunk,increase,0
score-0_22,7,NApp,cement,j-bunk,increase,0
score-0_23,7,NApp,cement,j-bunk,increase,0
score-0_24,7,NApp,cement,j-bunk,increase,0
score-0_25,7,NApp,cement,j-bunk,increase,0
score-0_26,7,NApp,cement,j-bunk,increase,0
score-0_27,7,NApp,cement,j-bunk,increase,0
score-0_28,7,NApp,cement,j-bunk,increase,0
score-0_29,7,NApp,cement,j-bunk,increase,0
score-0_30,7,NApp,cement,j-bunk,increase,0
score-0_31,7,NApp,cement,j-bunk,increase,0
score-0_32,7,NApp,cement,j-bunk,increase,0
score-0_33,7,NApp,cement,j-bunk,increase,0
score-0_34,7,NApp,cement,j-bunk,increase,0
score-0_35,7,NApp,cement,j-bunk,increase,0
score-0_36,7,NApp,cement,j-bunk,increase,0
score-0_37,7,NApp,cement,j-bunk,increase,0
score-0_38,7,NApp,cement,j-bunk,increase,0
score-0_39,7,NApp,cement,j-bunk,increase,0
score-0_40,7,NApp,cement,j-bunk,increase,0
score-0_41,7,NApp,cement,j-bunk,increase,0
score-0_42,7,NApp,cement,j-bunk,increase,0
score-0_43,8,NApp,cement,j-bunk,increase,0
score-0_44,8,NApp,cement,j-bunk,increase,0
score-0_45,1,NApp,cement,j-bunk,increase,0
score-0_46,5,NApp,plastic,j-bunk,increase,0
score-0_47,5,NApp,plastic,j-bunk,increase,0
score-0_48,5,NApp,plastic,j-bunk,increase,0
score-0_49,5,NApp,plastic,j-bunk,increase,0
score-0_50,5,NApp,plastic,j-bunk,increase,0
score-0_51,5,NApp,cement,j-bunk,increase,0
score-0_52,5,NApp,cement,j-bunk,increase,0
score-0_53,5,NApp,cement,j-bunk,increase,0
score-0_54,6,NApp,cement,feed-curb,increase,0
score-0_55,6,NApp,cement,feed-curb,increase,0
score-0_56,6,NApp,cement,feed-curb,increase,0
score-0_57,6,NApp,cement,feed-curb,increase,0
score-0_58,5,NApp,cement,h-bunk,increase,0
score-0_59,5,NApp,cement,h-bunk,increase,0
score-0_60,5,NApp,cement,h-bunk,increase,0
score-0_61,5,NApp,cement,h-bunk,increase,0
score-0_62,5,NApp,cement,h-bunk,increase,0
score-0_63,5,NApp,cement,h-bunk,increase,0
score-0_64,5,NApp,cement,h-bunk,increase,0
score-0_65,5,NApp,cement,h-bunk,increase,0
score-0_66,5,NApp,cement,h-bunk,increase,0
score-0_67,5,NApp,cement,h-bunk,increase,0
score-0_68,5,NApp,cement,h-bunk,increase,0
score-0_69,5,NApp,cement,h-bunk,increase,0
score-0_70,5,NApp,cement,h-bunk,increase,0
score-0_71,5,NApp,cement,h-bunk,increase,0
score-0_72,5,NApp,cement,h-bunk,increase,0
score-0_73,5,NApp,cement,h-bunk,increase,0
score-0_74,5,NApp,cement,h-bunk,increase,0
score-0_75,3,NApp,cement-ceramic,feed-curb,increase,0
score-0_76,3,NApp,cement-ceramic,feed-curb,increase,0
score-0_77,5,NApp,cement,h-bunk,increase,0
score-0_78,5,NApp,cement,h-bunk,increase,0
score-0_79,5,NApp,cement,h-bunk,increase,0
score-0_80,5,NApp,cement,h-bunk,increase,0
score-0_81,5,NApp,cement,h-bunk,increase,0
score-0_82,5,NApp,cement,h-bunk,increase,0
score-0_83,5,NApp,cement,h-bunk,increase,0
score-0_84,5,NApp,cement,h-bunk,increase,0
score-0.5_0,2,cornmeal_soybean-hulls_ddg_corn-silage,cement,h-bunk,increase,0.5
score-0.5_1,2,cornmeal_soybean-hulls_ddg_corn-silage,cement,h-bunk,increase,0.5
score-0.5_2,2,cornmeal_soybean-hulls_ddg_corn-silage,cement,h-bunk,increase,0.5
score-0.5_3,2,cornmeal_soybean-hulls_ddg_corn-silage,cement,h-bunk,increase,0.5
score-0.5_4,2,cornmeal_soybean-hulls_ddg_corn-silage,cement,h-bunk,increase,0.5
score-0.5_5,2,cornmeal_soybean-hulls_ddg_corn-silage,cement,h-bunk,increase,0.5
score-0.5_6,2,cornmeal_soybean-hulls_ddg_corn-silage,cement,h-bunk,increase,0.5
score-0.5_7,2,cornmeal_soybean-hulls_ddg_corn-silage,cement,h-bunk,increase,0.5
score-0.5_8,2,cornmeal_soybean-hulls_ddg_corn-silage,cement,h-bunk,increase,0.5
score-0.5_9,2,cornmeal_soybean-hulls_ddg_corn-silage,cement,h-bunk,increase,0.5
score-0.5_10,2,cornmeal_soybean-hulls_ddg_corn-silage,cement,h-bunk,increase,0.5
score-0.5_11,2,cornmeal_soybean-hulls_ddg_corn-silage,cement,h-bunk,increase,0.5
score-0.5_12,2,cornmeal_soybean-hulls_ddg_corn-silage,cement,h-bunk,increase,0.5
score-0.5_13,2,cornmeal_soybean-hulls_ddg_corn-silage,cement,h-bunk,increase,0.5
score-0.5_14,0,MD,cement,h-bunk,increase,0.5
score-0.5_15,0,MD,cement,h-bunk,increase,0.5
score-0.5_16,6,soybean-silage_soybean_ddg_corn_citrus-pulp,cement,feed-curb,increase,0.5
score-0.5_17,6,soybean-silage_soybean_ddg_corn_citrus-pulp,cement,feed-curb,increase,0.5
score-0.5_18,6,soybean-silage_soybean_ddg_corn_citrus-pulp,cement,feed-curb,increase,0.5
score-0.5_19,6,soybean-silage_soybean_ddg_corn_citrus-pulp,cement,feed-curb,increase,0.5
score-0.5_20,6,soybean-silage_soybean_ddg_corn_citrus-pulp,cement,feed-curb,increase,0.5
score-0.5_21,6,soybean-silage_soybean_ddg_corn_citrus-pulp,cement,feed-curb,increase,0.5
score-0.5_22,6,soybean-silage_soybean_ddg_corn_citrus-pulp,cement,feed-curb,increase,0.5
score-0.5_23,6,soybean-silage_soybean_ddg_corn_citrus-pulp,cement,feed-curb,increase,0.5
score-0.5_24,6,soybean-silage_soybean_ddg_corn_citrus-pulp,cement,feed-curb,increase,0.5
score-0.5_25,6,soybean-silage_soybean_ddg_corn_citrus-pulp,cement,feed-curb,increase,0.5
score-0.5_26,6,soybean-silage_soybean_ddg_corn_citrus-pulp,cement,feed-curb,increase,0.5
score-0.5_27,6,soybean-silage_soybean_ddg_corn_citrus-pulp,cement,feed-curb,increase,0.5
score-0.5_28,6,soybean-silage_soybean_ddg_corn_citrus-pulp,cement,feed-curb,increase,0.5
score-0.5_29,6,soybean-silage_soybean_ddg_corn_citrus-pulp,cement,feed-curb,increase,0.5
score-0.5_30,6,soybean-silage_soybean_ddg_corn_citrus-pulp,cement,feed-curb,increase,0.5
score-0.5_31,6,soybean-silage_soybean_ddg_corn_citrus-pulp,cement,feed-curb,increase,0.5
score-0.5_32,6,soybean-silage_soybean_ddg_corn_citrus-pulp,plastic,j-bunk,increase,0.5
score-0.5_33,6,soybean-silage_soybean_ddg_corn_citrus-pulp,cement,feed-curb,increase,0.5
score-0.5_34,6,soybean-silage_soybean_ddg_corn_citrus-pulp,plastic,j-bunk,increase,0.5
score-0.5_35,6,soybean-silage_soybean_ddg_corn_citrus-pulp,plastic,j-bunk,increase,0.5
score-0.5_36,6,soybean-silage_soybean_ddg_corn_citrus-pulp,plastic,j-bunk,increase,0.5
score-0.5_37,6,soybean-silage_soybean_ddg_corn_citrus-pulp,plastic,j-bunk,increase,0.5
score-0.5_38,6,soybean-silage_soybean_ddg_corn_citrus-pulp,plastic,j-bunk,increase,0.5
score-0.5_39,6,soybean-silage_soybean_ddg_corn_citrus-pulp,plastic,j-bunk,increase,0.5
score-0.5_40,6,soybean-silage_soybean_ddg_corn_citrus-pulp,plastic,j-bunk,increase,0.5
score-0.5_41,6,soybean-silage_soybean_ddg_corn_citrus-pulp,cement,feed-curb,increase,0.5
score-0.5_42,6,soybean-silage_soybean_ddg_corn_citrus-pulp,cement,feed-curb,increase,0.5
score-0.5_43,6,soybean-silage_soybean_ddg_corn_citrus-pulp,cement,feed-curb,increase,0.5
score-0.5_44,6,soybean-silage_soybean_ddg_corn_citrus-pulp,cement,feed-curb,increase,0.5
score-0.5_45,6,soybean-silage_soybean_ddg_corn_citrus-pulp,cement,feed-curb,increase,0.5
score-0.5_46,6,soybean-silage_soybean_ddg_corn_citrus-pulp,cement,feed-curb,increase,0.5
score-0.5_47,6,soybean-silage_soybean_ddg_corn_citrus-pulp,cement,feed-curb,increase,0.5
score-0.5_48,6,soybean-silage_soybean_ddg_corn_citrus-pulp,cement,feed-curb,increase,0.5
score-0.5_49,6,soybean-silage_soybean_ddg_corn_citrus-pulp,cement,feed-curb,increase,0.5
score-0.5_50,6,soybean-silage_soybean_ddg_corn_citrus-pulp,cement,feed-curb,increase,0.5
score-0.5_51,6,soybean-silage_soybean_ddg_corn_citrus-pulp,cement,feed-curb,increase,0.5
score-0.5_52,6,soybean-silage_soybean_ddg_corn_citrus-pulp,cement,feed-curb,increase,0.5
score-0.5_53,6,soybean-silage_soybean_ddg_corn_citrus-pulp,cement,feed-curb,increase,0.5
score-0.5_54,6,soybean-silage_soybean_ddg_corn_citrus-pulp,cement,feed-curb,increase,0.5
score-0.5_55,6,soybean-silage_soybean_ddg_corn_citrus-pulp,cement,feed-curb,increase,0.5
score-0.5_56,6,soybean-silage_soybean_ddg_corn_citrus-pulp,cement,feed-curb,increase,0.5
score-0.5_57,6,soybean-silage_soybean_ddg_corn_citrus-pulp,cement,feed-curb,increase,0.5
score-0.5_58,6,soybean-silage_soybean_ddg_corn_citrus-pulp,cement,feed-curb,increase,0.5
score-0.5_59,6,soybean-silage_soybean_ddg_corn_citrus-pulp,cement,feed-curb,increase,0.5
score-0.5_60,6,soybean-silage_soybean_ddg_corn_citrus-pulp,cement,feed-curb,increase,0.5
score-0.5_61,6,soybean-silage_soybean_ddg_corn_citrus-pulp,cement,feed-curb,increase,0.5
score-0.5_62,6,soybean-silage_soybean_ddg_corn_citrus-pulp,cement,feed-curb,increase,0.5
score-0.5_63,6,soybean-silage_soybean_ddg_corn_citrus-pulp,cement,feed-curb,increase,0.5
score-0.5_64,6,soybean-silage_soybean_ddg_corn_citrus-pulp,cement,feed-curb,increase,0.5
score-0.5_65,6,soybean-silage_soybean_ddg_corn_citrus-pulp,cement,feed-curb,increase,0.5
score-0.5_66,6,soybean-silage_soybean_ddg_corn_citrus-pulp,cement,feed-curb,increase,0.5
score-0.5_67,3,citrus-pulp_cottonseed_cattle-feed_corn-silage,cement-ceramic,feed-curb,increase,0.5
score-0.5_68,3,citrus-pulp_cottonseed_cattle-feed_corn-silage,cement-ceramic,feed-curb,increase,0.5
score-0.5_69,3,citrus-pulp_cottonseed_cattle-feed_corn-silage,cement-ceramic,feed-curb,increase,0.5
score-0.5_70,3,citrus-pulp_cottonseed_cattle-feed_corn-silage,cement-ceramic,feed-curb,increase,0.5
score-0.5_71,3,citrus-pulp_cottonseed_cattle-feed_corn-silage,cement-ceramic,feed-curb,increase,0.5
score-0.5_72,3,citrus-pulp_cottonseed_cattle-feed_corn-silage,cement-ceramic,feed-curb,increase,0.5
score-0.5_73,3,citrus-pulp_cottonseed_cattle-feed_corn-silage,cement-ceramic,feed-curb,increase,0.5
score-0.5_74,3,citrus-pulp_cottonseed_cattle-feed_corn-silage,cement-ceramic,feed-curb,increase,0.5
score-0.5_75,3,citrus-pulp_cottonseed_cattle-feed_corn-silage,cement-ceramic,feed-curb,increase,0.5
score-0.5_76,3,citrus-pulp_cottonseed_cattle-feed_corn-silage,cement-ceramic,feed-curb,increase,0.5
score-0.5_77,3,citrus-pulp_cottonseed_cattle-feed_corn-silage,cement-ceramic,feed-curb,increase,0.5
score-0.5_78,3,citrus-pulp_cottonseed_cattle-feed_corn-silage,cement-ceramic,feed-curb,increase,0.5
score-0.5_79,3,citrus-pulp_cottonseed_cattle-feed_corn-silage,cement-ceramic,feed-curb,increase,0.5
score-0.5_80,3,citrus-pulp_cottonseed_cattle-feed_corn-silage,cement-ceramic,feed-curb,increase,0.5
score-0.5_81,3,citrus-pulp_cottonseed_cattle-feed_corn-silage,cement-ceramic,feed-curb,increase,0.5
score-0.5_82,3,citrus-pulp_cottonseed_cattle-feed_corn-silage,cement-ceramic,feed-curb,increase,0.5
score-0.5_83,3,citrus-pulp_cottonseed_cattle-feed_corn-silage,cement-ceramic,feed-curb,increase,0.5
score-0.5_84,3,citrus-pulp_cottonseed_cattle-feed_corn-silage,cement-ceramic,feed-curb,increase,0.5
score-0.5_85,3,citrus-pulp_cottonseed_cattle-feed_corn-silage,cement-ceramic,feed-curb,increase,0.5
score-0.5_86,3,citrus-pulp_cottonseed_cattle-feed_corn-silage,cement-ceramic,feed-curb,increase,0.5
score-0.5_87,3,citrus-pulp_cottonseed_cattle-feed_corn-silage,cement-ceramic,feed-curb,increase,0.5
score-0.5_88,3,citrus-pulp_cottonseed_cattle-feed_corn-silage,cement-ceramic,feed-curb,increase,0.5
score-0.5_89,3,citrus-pulp_cottonseed_cattle-feed_corn-silage,cement-ceramic,feed-curb,increase,0.5
score-0.5_90,3,citrus-pulp_cottonseed_cattle-feed_corn-silage,cement-ceramic,feed-curb,increase,0.5
score-0.5_91,3,citrus-pulp_cottonseed_cattle-feed_corn-silage,cement-ceramic,feed-curb,increase,0.5
score-0.5_92,3,citrus-pulp_cottonseed_cattle-feed_corn-silage,cement-ceramic,feed-curb,increase,0.5
score-0.5_93,3,citrus-pulp_cottonseed_cattle-feed_corn-silage,cement-ceramic,feed-curb,increase,0.5
score-0.5_94,3,citrus-pulp_cottonseed_cattle-feed_corn-silage,cement-ceramic,feed-curb,increase,0.5
score-0.5_95,3,citrus-pulp_cottonseed_cattle-feed_corn-silage,cement-ceramic,feed-curb,increase,0.5
score-0.5_96,3,citrus-pulp_cottonseed_cattle-feed_corn-silage,cement-ceramic,feed-curb,increase,0.5
score-0.5_97,3,citrus-pulp_cottonseed_cattle-feed_corn-silage,cement-ceramic,feed-curb,increase,0.5
score-0.5_98,5,MD,cement,h-bunk,increase,0.5
score-0.5_99,5,MD,cement,h-bunk,increase,0.5
score-0.5_100,5,MD,cement,h-bunk,increase,0.5
score-0.5_101,5,MD,cement,h-bunk,increase,0.5
score-0.5_102,5,MD,cement,h-bunk,increase,0.5
score-0.5_103,5,MD,cement,h-bunk,increase,0.5
score-0.5_104,5,MD,cement,h-bunk,increase,0.5
score-0.5_105,5,MD,cement,h-bunk,increase,0.5
score-0.5_106,5,MD,cement,h-bunk,increase,0.5
score-0.5_107,5,MD,cement,h-bunk,increase,0.5
score-0.5_108,5,MD,cement,h-bunk,increase,0.5
score-0.5_109,5,MD,cement,h-bunk,increase,0.5
score-0.5_110,5,MD,cement,h-bunk,increase,0.5
score-0.5_111,5,MD,cement,h-bunk,increase,0.5
score-0.5_112,5,MD,cement,h-bunk,increase,0.5
score-0.5_113,5,MD,cement,h-bunk,increase,0.5
score-0.5_114,5,MD,cement,h-bunk,increase,0.5
score-0.5_115,5,MD,cement,h-bunk,increase,0.5
score-0.5_116,5,MD,cement,h-bunk,increase,0.5
score-0.5_117,7,MD,cement,j-bunk,increase,0.5
score-0.5_118,7,MD,cement,j-bunk,increase,0.5
score-0.5_119,8,MD,cement,j-bunk,increase,0.5
score-0.5_120,2,MD,cement,h-bunk,increase,0.5
score-0.5_121,5,cornmeal_soybean-meal_mineral-supplement,cement,h-bunk,increase,0.5
score-0.5_122,5,cornmeal_soybean-meal_mineral-supplement,cement,h-bunk,increase,0.5
score-0.5_123,5,cornmeal_soybean-meal_mineral-supplement,cement,h-bunk,increase,0.5
score-0.5_124,5,cornmeal_soybean-meal_mineral-supplement,cement,h-bunk,increase,0.5
score-0.5_125,5,cornmeal_soybean-meal_mineral-supplement,cement,h-bunk,increase,0.5
score-0.5_126,5,cornmeal_soybean-meal_mineral-supplement,cement,h-bunk,increase,0.5
score-0.5_127,5,cornmeal_soybean-meal_mineral-supplement,cement,h-bunk,increase,0.5
score-0.5_128,5,cornmeal_soybean-meal_mineral-supplement,cement,h-bunk,increase,0.5
score-0.5_129,5,cornmeal_soybean-meal_mineral-supplement,cement,h-bunk,increase,0.5
score-0.5_130,5,cornmeal_soybean-meal_mineral-supplement,cement,h-bunk,increase,0.5
score-0.5_131,5,cornmeal_soybean-meal_mineral-supplement,cement,h-bunk,increase,0.5
score-0.5_132,5,cornmeal_soybean-meal_mineral-supplement,cement,h-bunk,increase,0.5
score-0.5_133,5,cornmeal_soybean-meal_mineral-supplement,cement,h-bunk,increase,0.5
score-0.5_134,5,cornmeal_soybean-meal_mineral-supplement,cement,h-bunk,increase,0.5
score-0.5_135,5,cornmeal_soybean-meal_mineral-supplement,cement,h-bunk,increase,0.5
score-0.5_136,5,cornmeal_soybean-meal_mineral-supplement,cement,h-bunk,increase,0.5
score-0.5_137,5,cornmeal_soybean-meal_mineral-supplement,cement,h-bunk,increase,0.5
score-0.5_138,5,cornmeal_soybean-meal_mineral-supplement,cement,h-bunk,increase,0.5
score-0.5_139,5,cornmeal_soybean-meal_mineral-supplement,cement,h-bunk,increase,0.5
score-0.5_140,5,cornmeal_soybean-meal_mineral-supplement,cement,h-bunk,increase,0.5
score-0.5_141,5,cornmeal_soybean-meal_mineral-supplement,cement,h-bunk,increase,0.5
score-0.5_142,5,cornmeal_soybean-meal_mineral-supplement,cement,h-bunk,increase,0.5
score-0.5_143,5,cornmeal_soybean-meal_mineral-supplement,cement,h-bunk,increase,0.5
score-0.5_144,5,cornmeal_soybean-meal_mineral-supplement,cement,h-bunk,increase,0.5
score-0.5_145,5,cornmeal_soybean-meal_mineral-supplement,cement,h-bunk,increase,0.5
score-0.5_146,5,cornmeal_soybean-meal_mineral-supplement,cement,h-bunk,increase,0.5
score-0.5_147,5,cornmeal_soybean-meal_mineral-supplement,cement,h-bunk,increase,0.5
score-0.5_148,5,cornmeal_soybean-meal_mineral-supplement,cement,h-bunk,increase,0.5
score-0.5_149,5,cornmeal_soybean-meal_mineral-supplement,cement,h-bunk,increase,0.5
score-0.5_150,5,cornmeal_soybean-meal_mineral-supplement,cement,h-bunk,increase,0.5
score-0.5_151,6,MD,cement,feed-curb,increase,0.5
score-0.5_152,6,MD,cement,feed-curb,increase,0.5
score-0.5_153,6,MD,cement,feed-curb,increase,0.5
score-0.5_154,6,MD,cement,feed-curb,increase,0.5
score-0.5_155,6,MD,cement,feed-curb,increase,0.5
score-0.5_156,6,MD,cement,feed-curb,increase,0.5
score-0.5_157,6,MD,cement,feed-curb,increase,0.5
score-0.5_158,6,MD,cement,feed-curb,increase,0.5
score-0.5_159,6,MD,cement,feed-curb,increase,0.5
score-0.5_160,6,MD,cement,feed-curb,increase,0.5
score-0.5_161,6,MD,cement,feed-curb,increase,0.5
score-0.5_162,6,MD,cement,feed-curb,increase,0.5
score-0.5_163,6,MD,cement,feed-curb,increase,0.5
score-0.5_164,3,MD,cement-ceramic,feed-curb,increase,0.5
score-0.5_165,3,MD,cement-ceramic,feed-curb,increase,0.5
score-0.5_166,3,MD,cement-ceramic,feed-curb,increase,0.5
score-0.5_167,3,MD,cement-ceramic,feed-curb,increase,0.5
score-0.5_168,3,MD,cement-ceramic,feed-curb,increase,0.5
score-0.5_169,3,MD,cement-ceramic,feed-curb,increase,0.5
score-0.5_170,3,MD,cement-ceramic,feed-curb,increase,0.5
score-0.5_171,3,MD,cement-ceramic,feed-curb,increase,0.5
score-0.5_172,3,MD,cement-ceramic,feed-curb,increase,0.5
score-0.5_173,3,MD,cement-ceramic,feed-curb,increase,0.5
score-0.5_174,3,MD,cement-ceramic,feed-curb,increase,0.5
score-0.5_175,3,MD,cement-ceramic,feed-curb,increase,0.5
score-0.5_176,3,citrus-pulp_cottonseed_cattle-feed_corn-silage,cement-ceramic,feed-curb,increase,0.5
score-0.5_177,3,citrus-pulp_cottonseed_cattle-feed_corn-silage,cement-ceramic,feed-curb,increase,0.5
score-0.5_178,3,citrus-pulp_cottonseed_cattle-feed_corn-silage,cement-ceramic,feed-curb,increase,0.5
score-0.5_179,3,citrus-pulp_cottonseed_cattle-feed_corn-silage,cement-ceramic,feed-curb,increase,0.5
score-0.5_180,3,citrus-pulp_cottonseed_cattle-feed_corn-silage,cement-ceramic,feed-curb,increase,0.5
score-0.5_181,3,citrus-pulp_cottonseed_cattle-feed_corn-silage,cement-ceramic,feed-curb,increase,0.5
score-0.5_182,3,citrus-pulp_cottonseed_cattle-feed_corn-silage,cement-ceramic,feed-curb,increase,0.5
score-0.5_183,3,citrus-pulp_cottonseed_cattle-feed_corn-silage,cement-ceramic,feed-curb,increase,0.5
score-0.5_184,3,citrus-pulp_cottonseed_cattle-feed_corn-silage,cement-ceramic,feed-curb,increase,0.5
score-0.5_185,3,citrus-pulp_cottonseed_cattle-feed_corn-silage,cement-ceramic,feed-curb,increase,0.5
score-0.5_186,3,citrus-pulp_cottonseed_cattle-feed_corn-silage,cement-ceramic,feed-curb,increase,0.5
score-0.5_187,3,citrus-pulp_cottonseed_cattle-feed_corn-silage,cement-ceramic,feed-curb,increase,0.5
score-0.5_188,3,citrus-pulp_cottonseed_cattle-feed_corn-silage,cement-ceramic,feed-curb,increase,0.5
score-0.5_189,3,citrus-pulp_cottonseed_cattle-feed_corn-silage,cement-ceramic,feed-curb,increase,0.5
score-0.5_190,3,citrus-pulp_cottonseed_cattle-feed_corn-silage,cement-ceramic,feed-curb,increase,0.5
score-0.5_191,3,citrus-pulp_cottonseed_cattle-feed_corn-silage,cement-ceramic,feed-curb,increase,0.5
score-0.5_192,3,citrus-pulp_cottonseed_cattle-feed_corn-silage,cement-ceramic,feed-curb,increase,0.5
score-0.5_193,3,citrus-pulp_cottonseed_cattle-feed_corn-silage,cement-ceramic,feed-curb,increase,0.5
score-0.5_194,3,citrus-pulp_cottonseed_cattle-feed_corn-silage,cement-ceramic,feed-curb,increase,0.5
score-0.5_195,3,citrus-pulp_cottonseed_cattle-feed_corn-silage,cement-ceramic,feed-curb,increase,0.5
score-0.5_196,3,citrus-pulp_cottonseed_cattle-feed_corn-silage,cement-ceramic,feed-curb,increase,0.5
score-0.5_197,3,citrus-pulp_cottonseed_cattle-feed_corn-silage,cement-ceramic,feed-curb,increase,0.5
score-0.5_198,3,citrus-pulp_cottonseed_cattle-feed_corn-silage,cement-ceramic,feed-curb,increase,0.5
score-0.5_199,3,citrus-pulp_cottonseed_cattle-feed_corn-silage,cement-ceramic,feed-curb,increase,0.5
score-0.5_200,3,citrus-pulp_cottonseed_cattle-feed_corn-silage,cement-ceramic,feed-curb,increase,0.5
score-0.5_201,6,soybean-silage_soybean_ddg_corn_citrus-pulp,cement,h-bunk,increase,0.5
score-0.5_202,6,soybean-silage_soybean_ddg_corn_citrus-pulp,cement,h-bunk,increase,0.5
score-0.5_203,6,soybean-silage_soybean_ddg_corn_citrus-pulp,cement,h-bunk,increase,0.5
score-0.5_204,6,soybean-silage_soybean_ddg_corn_citrus-pulp,cement,h-bunk,increase,0.5
score-0.5_205,6,soybean-silage_soybean_ddg_corn_citrus-pulp,cement,h-bunk,increase,0.5
score-0.5_206,6,soybean-silage_soybean_ddg_corn_citrus-pulp,cement,h-bunk,increase,0.5
score-0.5_207,6,soybean-silage_soybean_ddg_corn_citrus-pulp,cement,h-bunk,increase,0.5
score-0.5_208,6,soybean-silage_soybean_ddg_corn_citrus-pulp,cement,h-bunk,increase,0.5
score-0.5_209,6,soybean-silage_soybean_ddg_corn_citrus-pulp,cement,h-bunk,increase,0.5
score-0.5_210,6,soybean-silage_soybean_ddg_corn_citrus-pulp,cement,h-bunk,increase,0.5
score-0.5_211,6,soybean-silage_soybean_ddg_corn_citrus-pulp,cement,h-bunk,increase,0.5
score-0.5_212,6,soybean-silage_soybean_ddg_corn_citrus-pulp,cement,h-bunk,increase,0.5
score-0.5_213,6,soybean-silage_soybean_ddg_corn_citrus-pulp,cement,h-bunk,increase,0.5
score-0.5_214,6,soybean-silage_soybean_ddg_corn_citrus-pulp,cement,h-bunk,increase,0.5
score-0.5_215,6,soybean-silage_soybean_ddg_corn_citrus-pulp,cement,h-bunk,increase,0.5
score-0.5_216,6,soybean-silage_soybean_ddg_corn_citrus-pulp,cement,h-bunk,increase,0.5
score-0.5_217,6,soybean-silage_soybean_ddg_corn_citrus-pulp,cement,h-bunk,increase,0.5
score-0.5_218,6,soybean-silage_soybean_ddg_corn_citrus-pulp,cement,h-bunk,increase,0.5
score-0.5_219,6,soybean-silage_soybean_ddg_corn_citrus-pulp,cement,h-bunk,increase,0.5
score-0.5_220,6,soybean-silage_soybean_ddg_corn_citrus-pulp,cement,h-bunk,increase,0.5
score-0.5_221,6,soybean-silage_soybean_ddg_corn_citrus-pulp,cement,h-bunk,increase,0.5
score-0.5_222,6,soybean-silage_soybean_ddg_corn_citrus-pulp,cement,h-bunk,increase,0.5
score-0.5_223,6,soybean-silage_soybean_ddg_corn_citrus-pulp,cement,h-bunk,increase,0.5
score-0.5_224,3,citrus-pulp_cottonseed_cattle-feed_corn-silage,cement-ceramic,feed-curb,increase,0.5
score-0.5_225,3,citrus-pulp_cottonseed_cattle-feed_corn-silage,cement-ceramic,feed-curb,increase,0.5
score-0.5_226,3,citrus-pulp_cottonseed_cattle-feed_corn-silage,cement-ceramic,feed-curb,increase,0.5
score-0.5_227,3,citrus-pulp_cottonseed_cattle-feed_corn-silage,cement-ceramic,feed-curb,increase,0.5
score-0.5_228,3,citrus-pulp_cottonseed_cattle-feed_corn-silage,cement-ceramic,feed-curb,increase,0.5
score-0.5_229,3,citrus-pulp_cottonseed_cattle-feed_corn-silage,cement-ceramic,feed-curb,increase,0.5
score-0.5_230,3,citrus-pulp_cottonseed_cattle-feed_corn-silage,cement-ceramic,feed-curb,increase,0.5
score-0.5_231,3,citrus-pulp_cottonseed_cattle-feed_corn-silage,cement-ceramic,feed-curb,increase,0.5
score-0.5_232,3,citrus-pulp_cottonseed_cattle-feed_corn-silage,cement-ceramic,feed-curb,increase,0.5
score-0.5_233,3,citrus-pulp_cottonseed_cattle-feed_corn-silage,cement-ceramic,feed-curb,increase,0.5
score-0.5_234,3,citrus-pulp_cottonseed_cattle-feed_corn-silage,cement-ceramic,feed-curb,increase,0.5
score-0.5_235,3,citrus-pulp_cottonseed_cattle-feed_corn-silage,cement-ceramic,feed-curb,increase,0.5
score-0.5_236,3,citrus-pulp_cottonseed_cattle-feed_corn-silage,cement-ceramic,feed-curb,increase,0.5
score-0.5_237,3,citrus-pulp_cottonseed_cattle-feed_corn-silage,cement-ceramic,feed-curb,increase,0.5
score-0.5_238,3,citrus-pulp_cottonseed_cattle-feed_corn-silage,cement-ceramic,feed-curb,increase,0.5
score-0.5_239,3,citrus-pulp_cottonseed_cattle-feed_corn-silage,cement-ceramic,feed-curb,increase,0.5
score-0.5_240,3,citrus-pulp_cottonseed_cattle-feed_corn-silage,cement-ceramic,feed-curb,increase,0.5
score-0.5_241,3,citrus-pulp_cottonseed_cattle-feed_corn-silage,cement-ceramic,feed-curb,increase,0.5
score-0.5_242,3,citrus-pulp_cottonseed_cattle-feed_corn-silage,cement-ceramic,feed-curb,increase,0.5
score-0.5_243,3,citrus-pulp_cottonseed_cattle-feed_corn-silage,cement-ceramic,feed-curb,increase,0.5
score-0.5_244,3,citrus-pulp_cottonseed_cattle-feed_corn-silage,cement-ceramic,feed-curb,increase,0.5
score-0.5_245,5,MD,cement,h-bunk,increase,0.5
score-0.5_246,5,MD,cement,h-bunk,increase,0.5
score-0.5_247,5,MD,cement,h-bunk,increase,0.5
score-0.5_248,5,MD,cement,h-bunk,increase,0.5
score-0.5_249,6,soybean-silage_soybean_ddg_corn_citrus-pulp,cement,feed-curb,increase,0.5
score-0.5_250,6,soybean-silage_soybean_ddg_corn_citrus-pulp,cement,feed-curb,increase,0.5
score-0.5_251,6,soybean-silage_soybean_ddg_corn_citrus-pulp,cement,feed-curb,increase,0.5
score-0.5_252,6,soybean-silage_soybean_ddg_corn_citrus-pulp,cement,feed-curb,increase,0.5
score-0.5_253,6,soybean-silage_soybean_ddg_corn_citrus-pulp,cement,feed-curb,increase,0.5
score-0.5_254,6,soybean-silage_soybean_ddg_corn_citrus-pulp,cement,feed-curb,increase,0.5
score-0.5_255,6,soybean-silage_soybean_ddg_corn_citrus-pulp,cement,feed-curb,increase,0.5
score-0.5_256,6,soybean-silage_soybean_ddg_corn_citrus-pulp,cement,feed-curb,increase,0.5
score-0.5_257,6,soybean-silage_soybean_ddg_corn_citrus-pulp,cement,feed-curb,increase,0.5
score-0.5_258,6,soybean-silage_soybean_ddg_corn_citrus-pulp,plastic,j-bunk,increase,0.5
score-0.5_259,6,soybean-silage_soybean_ddg_corn_citrus-pulp,plastic,j-bunk,increase,0.5
score-0.5_260,6,soybean-silage_soybean_ddg_corn_citrus-pulp,plastic,j-bunk,increase,0.5
score-0.5_261,6,soybean-silage_soybean_ddg_corn_citrus-pulp,plastic,j-bunk,increase,0.5
score-0.5_262,3,MD,cement-ceramic,feed-curb,increase,0.5
score-0.5_263,3,MD,cement-ceramic,feed-curb,increase,0.5
score-0.5_264,3,MD,cement-ceramic,feed-curb,increase,0.5
score-0.5_265,2,cornmeal_soybean-hulls_ddg_corn-silage,cement,h-bunk,increase,0.5
score-1_0,2,cornmeal_soybean-hulls_ddg_corn-silage,cement,h-bunk,maintenance,1
score-1_1,2,cornmeal_soybean-hulls_ddg_corn-silage,cement,h-bunk,maintenance,1
score-1_2,2,cornmeal_soybean-hulls_ddg_corn-silage,cement,h-bunk,maintenance,1
score-1_3,2,cornmeal_soybean-hulls_ddg_corn-silage,cement,h-bunk,maintenance,1
score-1_4,2,cornmeal_soybean-hulls_ddg_corn-silage,cement,j-bunk,maintenance,1
score-1_5,2,cornmeal_soybean-hulls_ddg_corn-silage,cement,j-bunk,maintenance,1
score-1_6,2,cornmeal_soybean-hulls_ddg_corn-silage,cement,j-bunk,maintenance,1
score-1_7,2,cornmeal_soybean-hulls_ddg_corn-silage,cement,j-bunk,maintenance,1
score-1_8,2,cornmeal_soybean-hulls_ddg_corn-silage,cement,j-bunk,maintenance,1
score-1_9,0,MD,cement,h-bunk,maintenance,1
score-1_10,0,MD,cement,h-bunk,maintenance,1
score-1_11,0,MD,cement,h-bunk,maintenance,1
score-1_12,0,MD,cement,h-bunk,maintenance,1
score-1_13,4,MD,rubber,j-bunk,maintenance,1
score-1_14,4,MD,rubber,j-bunk,maintenance,1
score-1_15,4,MD,rubber,j-bunk,maintenance,1
score-1_16,4,MD,rubber,j-bunk,maintenance,1
score-1_17,6,soybean-silage_soybean_ddg_corn_citrus-pulp,plastic,j-bunk,maintenance,1
score-1_18,6,soybean-silage_soybean_ddg_corn_citrus-pulp,plastic,j-bunk,maintenance,1
score-1_19,6,soybean-silage_soybean_ddg_corn_citrus-pulp,plastic,j-bunk,maintenance,1
score-1_20,6,soybean-silage_soybean_ddg_corn_citrus-pulp,plastic,j-bunk,maintenance,1
score-1_21,6,soybean-silage_soybean_ddg_corn_citrus-pulp,plastic,j-bunk,maintenance,1
score-1_22,6,soybean-silage_soybean_ddg_corn_citrus-pulp,plastic,j-bunk,maintenance,1
score-1_23,6,soybean-silage_soybean_ddg_corn_citrus-pulp,plastic,j-bunk,maintenance,1
score-1_24,6,soybean-silage_soybean_ddg_corn_citrus-pulp,plastic,j-bunk,maintenance,1
score-1_25,6,soybean-silage_soybean_ddg_corn_citrus-pulp,plastic,j-bunk,maintenance,1
score-1_26,6,soybean-silage_soybean_ddg_corn_citrus-pulp,plastic,j-bunk,maintenance,1
score-1_27,6,soybean-silage_soybean_ddg_corn_citrus-pulp,plastic,j-bunk,maintenance,1
score-1_28,6,soybean-silage_soybean_ddg_corn_citrus-pulp,plastic,j-bunk,maintenance,1
score-1_29,6,soybean-silage_soybean_ddg_corn_citrus-pulp,plastic,j-bunk,maintenance,1
score-1_30,6,soybean-silage_soybean_ddg_corn_citrus-pulp,plastic,j-bunk,maintenance,1
score-1_31,6,soybean-silage_soybean_ddg_corn_citrus-pulp,plastic,j-bunk,maintenance,1
score-1_32,6,soybean-silage_soybean_ddg_corn_citrus-pulp,plastic,j-bunk,maintenance,1
score-1_33,6,soybean-silage_soybean_ddg_corn_citrus-pulp,plastic,j-bunk,maintenance,1
score-1_34,6,soybean-silage_soybean_ddg_corn_citrus-pulp,plastic,j-bunk,maintenance,1
score-1_35,6,soybean-silage_soybean_ddg_corn_citrus-pulp,plastic,j-bunk,maintenance,1
score-1_36,6,soybean-silage_soybean_ddg_corn_citrus-pulp,plastic,j-bunk,maintenance,1
score-1_37,6,soybean-silage_soybean_ddg_corn_citrus-pulp,cement,h-bunk,maintenance,1
score-1_38,6,soybean-silage_soybean_ddg_corn_citrus-pulp,cement,h-bunk,maintenance,1
score-1_39,6,soybean-silage_soybean_ddg_corn_citrus-pulp,cement,h-bunk,maintenance,1
score-1_40,6,soybean-silage_soybean_ddg_corn_citrus-pulp,cement,h-bunk,maintenance,1
score-1_41,6,soybean-silage_soybean_ddg_corn_citrus-pulp,cement,h-bunk,maintenance,1
score-1_42,6,soybean-silage_soybean_ddg_corn_citrus-pulp,cement,h-bunk,maintenance,1
score-1_43,6,soybean-silage_soybean_ddg_corn_citrus-pulp,cement,h-bunk,maintenance,1
score-1_44,3,citrus-pulp_cottonseed_cattle-feed_corn-silage,cement-ceramic,feed-curb,maintenance,1
score-1_45,3,citrus-pulp_cottonseed_cattle-feed_corn-silage,cement-ceramic,feed-curb,maintenance,1
score-1_46,3,citrus-pulp_cottonseed_cattle-feed_corn-silage,cement-ceramic,feed-curb,maintenance,1
score-1_47,3,citrus-pulp_cottonseed_cattle-feed_corn-silage,cement-ceramic,feed-curb,maintenance,1
score-1_48,3,citrus-pulp_cottonseed_cattle-feed_corn-silage,cement-ceramic,feed-curb,maintenance,1
score-1_49,3,citrus-pulp_cottonseed_cattle-feed_corn-silage,cement-ceramic,feed-curb,maintenance,1
score-1_50,3,citrus-pulp_cottonseed_cattle-feed_corn-silage,cement-ceramic,feed-curb,maintenance,1
score-1_51,3,citrus-pulp_cottonseed_cattle-feed_corn-silage,cement-ceramic,feed-curb,maintenance,1
score-1_52,3,citrus-pulp_cottonseed_cattle-feed_corn-silage,cement-ceramic,feed-curb,maintenance,1
score-1_53,3,citrus-pulp_cottonseed_cattle-feed_corn-silage,cement-ceramic,feed-curb,maintenance,1
score-1_54,3,citrus-pulp_cottonseed_cattle-feed_corn-silage,cement-ceramic,feed-curb,maintenance,1
score-1_55,3,citrus-pulp_cottonseed_cattle-feed_corn-silage,cement-ceramic,feed-curb,maintenance,1
score-1_56,3,citrus-pulp_cottonseed_cattle-feed_corn-silage,cement-ceramic,feed-curb,maintenance,1
score-1_57,3,citrus-pulp_cottonseed_cattle-feed_corn-silage,cement-ceramic,feed-curb,maintenance,1
score-1_58,3,citrus-pulp_cottonseed_cattle-feed_corn-silage,cement-ceramic,feed-curb,maintenance,1
score-1_59,3,citrus-pulp_cottonseed_cattle-feed_corn-silage,cement-ceramic,feed-curb,maintenance,1
score-1_60,3,citrus-pulp_cottonseed_cattle-feed_corn-silage,cement-ceramic,feed-curb,maintenance,1
score-1_61,3,citrus-pulp_cottonseed_cattle-feed_corn-silage,cement-ceramic,feed-curb,maintenance,1
score-1_62,3,citrus-pulp_cottonseed_cattle-feed_corn-silage,cement-ceramic,feed-curb,maintenance,1
score-1_63,3,citrus-pulp_cottonseed_cattle-feed_corn-silage,cement-ceramic,feed-curb,maintenance,1
score-1_64,3,citrus-pulp_cottonseed_cattle-feed_corn-silage,cement-ceramic,feed-curb,maintenance,1
score-1_65,3,citrus-pulp_cottonseed_cattle-feed_corn-silage,cement-ceramic,feed-curb,maintenance,1
score-1_66,5,MD,cement,h-bunk,maintenance,1
score-1_67,5,MD,cement,h-bunk,maintenance,1
score-1_68,5,MD,cement,h-bunk,maintenance,1
score-1_69,5,MD,cement,h-bunk,maintenance,1
score-1_70,5,MD,cement,h-bunk,maintenance,1
score-1_71,5,MD,cement,h-bunk,maintenance,1
score-1_72,5,cornmeal_soybean-meal_mineral-supplement,cement,h-bunk,maintenance,1
score-1_73,5,cornmeal_soybean-meal_mineral-supplement,cement,h-bunk,maintenance,1
score-1_74,5,cornmeal_soybean-meal_mineral-supplement,cement,h-bunk,maintenance,1
score-1_75,5,cornmeal_soybean-meal_mineral-supplement,cement,h-bunk,maintenance,1
score-1_76,5,cornmeal_soybean-meal_mineral-supplement,cement,h-bunk,maintenance,1
score-1_77,5,cornmeal_soybean-meal_mineral-supplement,cement,h-bunk,maintenance,1
score-1_78,5,cornmeal_soybean-meal_mineral-supplement,cement,h-bunk,maintenance,1
score-1_79,5,cornmeal_soybean-meal_mineral-supplement,cement,h-bunk,maintenance,1
score-1_80,5,cornmeal_soybean-meal_mineral-supplement,cement,h-bunk,maintenance,1
score-1_81,5,cornmeal_soybean-meal_mineral-supplement,cement,h-bunk,maintenance,1
score-1_82,6,MD,cement,feed-curb,maintenance,1
score-1_83,6,MD,cement,feed-curb,maintenance,1
score-1_84,6,MD,cement,feed-curb,maintenance,1
score-1_85,6,MD,cement,feed-curb,maintenance,1
score-1_86,6,MD,cement,feed-curb,maintenance,1
score-1_87,6,MD,cement,feed-curb,maintenance,1
score-1_88,6,MD,cement,feed-curb,maintenance,1
score-1_89,6,MD,cement,feed-curb,maintenance,1
score-1_90,6,MD,cement,feed-curb,maintenance,1
score-1_91,6,MD,cement,feed-curb,maintenance,1
score-1_92,6,MD,cement,feed-curb,maintenance,1
score-1_93,6,MD,cement,feed-curb,maintenance,1
score-1_94,6,MD,cement,feed-curb,maintenance,1
score-1_95,6,MD,cement,feed-curb,maintenance,1
score-1_96,6,MD,cement,feed-curb,maintenance,1
score-1_97,6,MD,cement,feed-curb,maintenance,1
score-1_98,6,MD,cement,feed-curb,maintenance,1
score-1_99,6,MD,cement,feed-curb,maintenance,1
score-1_100,6,MD,cement,feed-curb,maintenance,1
score-1_101,6,MD,cement,feed-curb,maintenance,1
score-1_102,6,MD,cement,feed-curb,maintenance,1
score-1_103,6,MD,cement,feed-curb,maintenance,1
score-1_104,6,MD,cement,feed-curb,maintenance,1
score-1_105,6,MD,cement,feed-curb,maintenance,1
score-1_106,6,MD,cement,feed-curb,maintenance,1
score-1_107,6,MD,cement,feed-curb,maintenance,1
score-1_108,6,MD,cement,feed-curb,maintenance,1
score-1_109,6,MD,cement,feed-curb,maintenance,1
score-1_110,6,MD,cement,feed-curb,maintenance,1
score-1_111,6,MD,cement,feed-curb,maintenance,1
score-1_112,6,MD,cement,feed-curb,maintenance,1
score-1_113,6,MD,cement,feed-curb,maintenance,1
score-1_114,6,MD,cement,feed-curb,maintenance,1
score-1_115,6,MD,cement,feed-curb,maintenance,1
score-1_116,6,MD,cement,feed-curb,maintenance,1
score-1_117,3,MD,cement-ceramic,feed-curb,maintenance,1
score-1_118,3,MD,cement-ceramic,feed-curb,maintenance,1
score-1_119,3,MD,cement-ceramic,feed-curb,maintenance,1
score-1_120,3,MD,cement-ceramic,feed-curb,maintenance,1
score-1_121,3,MD,cement-ceramic,feed-curb,maintenance,1
score-1_122,3,MD,cement-ceramic,feed-curb,maintenance,1
score-1_123,3,MD,cement-ceramic,feed-curb,maintenance,1
score-1_124,3,MD,cement-ceramic,feed-curb,maintenance,1
score-1_125,3,MD,cement-ceramic,feed-curb,maintenance,1
score-1_126,3,MD,cement-ceramic,feed-curb,maintenance,1
score-1_127,4,MD,rubber,j-bunk,maintenance,1
score-1_128,4,MD,rubber,j-bunk,maintenance,1
score-1_129,4,MD,rubber,j-bunk,maintenance,1
score-1_130,4,MD,rubber,j-bunk,maintenance,1
score-1_131,4,MD,rubber,j-bunk,maintenance,1
score-1_132,6,soybean-silage_soybean_ddg_corn_citrus-pulp,cement,h-bunk,maintenance,1
score-1_133,6,soybean-silage_soybean_ddg_corn_citrus-pulp,cement,h-bunk,maintenance,1
score-1_134,6,soybean-silage_soybean_ddg_corn_citrus-pulp,cement,h-bunk,maintenance,1
score-1_135,6,soybean-silage_soybean_ddg_corn_citrus-pulp,cement,h-bunk,maintenance,1
score-1_136,6,soybean-silage_soybean_ddg_corn_citrus-pulp,cement,h-bunk,maintenance,1
score-1_137,6,soybean-silage_soybean_ddg_corn_citrus-pulp,cement,h-bunk,maintenance,1
score-1_138,6,soybean-silage_soybean_ddg_corn_citrus-pulp,cement,h-bunk,maintenance,1
score-1_139,6,soybean-silage_soybean_ddg_corn_citrus-pulp,cement,h-bunk,maintenance,1
score-1_140,6,soybean-silage_soybean_ddg_corn_citrus-pulp,cement,h-bunk,maintenance,1
score-1_141,6,soybean-silage_soybean_ddg_corn_citrus-pulp,cement,h-bunk,maintenance,1
score-1_142,6,soybean-silage_soybean_ddg_corn_citrus-pulp,cement,h-bunk,maintenance,1
score-1_143,6,soybean-silage_soybean_ddg_corn_citrus-pulp,cement,h-bunk,maintenance,1
score-1_144,6,soybean-silage_soybean_ddg_corn_citrus-pulp,cement,h-bunk,maintenance,1
score-1_145,6,soybean-silage_soybean_ddg_corn_citrus-pulp,cement,h-bunk,maintenance,1
score-1_146,6,soybean-silage_soybean_ddg_corn_citrus-pulp,cement,h-bunk,maintenance,1
score-1_147,6,soybean-silage_soybean_ddg_corn_citrus-pulp,cement,h-bunk,maintenance,1
score-1_148,6,soybean-silage_soybean_ddg_corn_citrus-pulp,cement,h-bunk,maintenance,1
score-1_149,6,soybean-silage_soybean_ddg_corn_citrus-pulp,cement,h-bunk,maintenance,1
score-1_150,6,soybean-silage_soybean_ddg_corn_citrus-pulp,cement,h-bunk,maintenance,1
score-1_151,6,soybean-silage_soybean_ddg_corn_citrus-pulp,cement,h-bunk,maintenance,1
score-1_152,6,soybean-silage_soybean_ddg_corn_citrus-pulp,cement,h-bunk,maintenance,1
score-1_153,6,soybean-silage_soybean_ddg_corn_citrus-pulp,cement,h-bunk,maintenance,1
score-1_154,6,soybean-silage_soybean_ddg_corn_citrus-pulp,cement,h-bunk,maintenance,1
score-1_155,6,soybean-silage_soybean_ddg_corn_citrus-pulp,cement,h-bunk,maintenance,1
score-1_156,6,soybean-silage_soybean_ddg_corn_citrus-pulp,cement,h-bunk,maintenance,1
score-1_157,6,soybean-silage_soybean_ddg_corn_citrus-pulp,cement,h-bunk,maintenance,1
score-1_158,6,soybean-silage_soybean_ddg_corn_citrus-pulp,cement,h-bunk,maintenance,1
score-1_159,6,soybean-silage_soybean_ddg_corn_citrus-pulp,cement,h-bunk,maintenance,1
score-1_160,6,soybean-silage_soybean_ddg_corn_citrus-pulp,cement,h-bunk,maintenance,1
score-1_161,6,soybean-silage_soybean_ddg_corn_citrus-pulp,cement,h-bunk,maintenance,1
score-1_162,6,soybean-silage_soybean_ddg_corn_citrus-pulp,cement,h-bunk,maintenance,1
score-1_163,6,soybean-silage_soybean_ddg_corn_citrus-pulp,cement,h-bunk,maintenance,1
score-1_164,6,soybean-silage_soybean_ddg_corn_citrus-pulp,cement,h-bunk,maintenance,1
score-1_165,6,soybean-silage_soybean_ddg_corn_citrus-pulp,cement,h-bunk,maintenance,1
score-1_166,6,soybean-silage_soybean_ddg_corn_citrus-pulp,cement,h-bunk,maintenance,1
score-1_167,3,citrus-pulp_cottonseed_cattle-feed_corn-silage,cement-ceramic,feed-curb,maintenance,1
score-1_168,3,citrus-pulp_cottonseed_cattle-feed_corn-silage,cement-ceramic,feed-curb,maintenance,1
score-1_169,3,citrus-pulp_cottonseed_cattle-feed_corn-silage,cement-ceramic,feed-curb,maintenance,1
score-1_170,3,citrus-pulp_cottonseed_cattle-feed_corn-silage,cement-ceramic,feed-curb,maintenance,1
score-1_171,3,citrus-pulp_cottonseed_cattle-feed_corn-silage,cement-ceramic,feed-curb,maintenance,1
score-1_172,3,citrus-pulp_cottonseed_cattle-feed_corn-silage,cement-ceramic,feed-curb,maintenance,1
score-1_173,3,citrus-pulp_cottonseed_cattle-feed_corn-silage,cement-ceramic,feed-curb,maintenance,1
score-1_174,3,citrus-pulp_cottonseed_cattle-feed_corn-silage,cement-ceramic,feed-curb,maintenance,1
score-1_175,3,citrus-pulp_cottonseed_cattle-feed_corn-silage,cement-ceramic,feed-curb,maintenance,1
score-1_176,3,citrus-pulp_cottonseed_cattle-feed_corn-silage,cement-ceramic,feed-curb,maintenance,1
score-1_177,3,citrus-pulp_cottonseed_cattle-feed_corn-silage,cement-ceramic,feed-curb,maintenance,1
score-1_178,3,citrus-pulp_cottonseed_cattle-feed_corn-silage,cement-ceramic,feed-curb,maintenance,1
score-1_179,3,citrus-pulp_cottonseed_cattle-feed_corn-silage,cement-ceramic,feed-curb,maintenance,1
score-1_180,3,citrus-pulp_cottonseed_cattle-feed_corn-silage,cement-ceramic,feed-curb,maintenance,1
score-1_181,3,citrus-pulp_cottonseed_cattle-feed_corn-silage,cement-ceramic,feed-curb,maintenance,1
score-1_182,3,citrus-pulp_cottonseed_cattle-feed_corn-silage,cement-ceramic,feed-curb,maintenance,1
score-1_183,3,citrus-pulp_cottonseed_cattle-feed_corn-silage,cement-ceramic,feed-curb,maintenance,1
score-1_184,2,cornmeal_soybean-hulls_ddg_corn-silage,cement,j-bunk,maintenance,1
score-1_185,7,MD,cement,j-bunk,maintenance,1
score-1_186,7,MD,cement,j-bunk,maintenance,1
score-1_187,7,MD,cement,j-bunk,maintenance,1
score-1_188,7,MD,cement,j-bunk,maintenance,1
score-1_189,7,MD,cement,j-bunk,maintenance,1
score-1_190,7,MD,cement,j-bunk,maintenance,1
score-1_191,7,MD,cement,j-bunk,maintenance,1
score-1_192,7,MD,cement,j-bunk,maintenance,1
score-1_193,7,MD,cement,j-bunk,maintenance,1
score-1_194,7,MD,cement,j-bunk,maintenance,1
score-1_195,7,MD,cement,j-bunk,maintenance,1
score-1_196,7,MD,cement,j-bunk,maintenance,1
score-1_197,7,MD,cement,j-bunk,maintenance,1
score-1_198,7,MD,cement,j-bunk,maintenance,1
score-1_199,7,MD,cement,j-bunk,maintenance,1
score-1_200,7,MD,cement,j-bunk,maintenance,1
score-1_201,7,MD,cement,j-bunk,maintenance,1
score-1_202,7,MD,cement,j-bunk,maintenance,1
score-1_203,7,MD,cement,j-bunk,maintenance,1
score-1_204,7,MD,cement,j-bunk,maintenance,1
score-1_205,7,MD,cement,j-bunk,maintenance,1
score-1_206,7,MD,cement,j-bunk,maintenance,1
score-1_207,7,MD,cement,j-bunk,maintenance,1
score-1_208,7,MD,cement,j-bunk,maintenance,1
score-1_209,7,MD,cement,j-bunk,maintenance,1
score-1_210,7,MD,cement,j-bunk,maintenance,1
score-1_211,7,MD,cement,j-bunk,maintenance,1
score-1_212,7,MD,cement,j-bunk,maintenance,1
score-1_213,7,MD,cement,j-bunk,maintenance,1
score-1_214,7,MD,cement,j-bunk,maintenance,1
score-1_215,7,MD,cement,j-bunk,maintenance,1
score-1_216,7,MD,cement,j-bunk,maintenance,1
score-1_217,7,MD,cement,j-bunk,maintenance,1
score-1_218,7,MD,cement,j-bunk,maintenance,1
score-1_219,7,MD,cement,j-bunk,maintenance,1
score-1_220,7,MD,cement,j-bunk,maintenance,1
score-1_221,7,MD,cement,j-bunk,maintenance,1
score-1_222,7,MD,cement,j-bunk,maintenance,1
score-1_223,7,MD,cement,j-bunk,maintenance,1
score-1_224,7,MD,cement,j-bunk,maintenance,1
score-1_225,7,MD,cement,j-bunk,maintenance,1
score-1_226,7,MD,cement,j-bunk,maintenance,1
score-1_227,7,MD,cement,j-bunk,maintenance,1
score-1_228,7,MD,cement,j-bunk,maintenance,1
score-1_229,7,MD,cement,j-bunk,maintenance,1
score-1_230,7,MD,cement,j-bunk,maintenance,1
score-1_231,7,MD,cement,j-bunk,maintenance,1
score-1_232,7,MD,cement,j-bunk,maintenance,1
score-1_233,7,MD,cement,j-bunk,maintenance,1
score-1_234,7,MD,cement,j-bunk,maintenance,1
score-1_235,7,MD,cement,j-bunk,maintenance,1
score-1_236,7,MD,cement,j-bunk,maintenance,1
score-1_237,7,MD,cement,j-bunk,maintenance,1
score-1_238,7,MD,cement,j-bunk,maintenance,1
score-1_239,7,MD,cement,j-bunk,maintenance,1
score-1_240,7,MD,cement,j-bunk,maintenance,1
score-1_241,7,MD,cement,j-bunk,maintenance,1
score-1_242,7,MD,cement,j-bunk,maintenance,1
score-1_243,7,MD,cement,j-bunk,maintenance,1
score-1_244,7,MD,cement,j-bunk,maintenance,1
score-1_245,7,MD,cement,j-bunk,maintenance,1
score-1_246,7,MD,cement,j-bunk,maintenance,1
score-1_247,7,MD,cement,j-bunk,maintenance,1
score-1_248,7,MD,cement,j-bunk,maintenance,1
score-1_249,7,MD,cement,j-bunk,maintenance,1
score-1_250,7,MD,cement,j-bunk,maintenance,1
score-1_251,7,MD,cement,j-bunk,maintenance,1
score-1_252,7,MD,cement,j-bunk,maintenance,1
score-1_253,7,MD,cement,j-bunk,maintenance,1
score-1_254,7,MD,cement,j-bunk,maintenance,1
score-1_255,7,MD,cement,j-bunk,maintenance,1
score-1_256,7,MD,cement,j-bunk,maintenance,1
score-1_257,7,MD,cement,j-bunk,maintenance,1
score-1_258,7,MD,cement,j-bunk,maintenance,1
score-1_259,7,MD,cement,j-bunk,maintenance,1
score-1_260,8,MD,cement,j-bunk,maintenance,1
score-1_261,7,MD,cement,j-bunk,maintenance,1
score-1_262,7,MD,cement,j-bunk,maintenance,1
score-1_263,7,MD,cement,j-bunk,maintenance,1
score-1_264,7,MD,cement,j-bunk,maintenance,1
score-2_0,2,cornmeal_soybean-hulls_ddg_corn-silage,cement,h-bunk,decrease,2
score-2_1,2,cornmeal_soybean-hulls_ddg_corn-silage,cement,h-bunk,decrease,2
score-2_2,1,soybean-silage_barley_cattle-feed,cement,j-bunk,decrease,2
score-2_3,1,soybean-silage_barley_cattle-feed,cement,j-bunk,decrease,2
score-2_4,1,soybean-silage_barley_cattle-feed,cement,j-bunk,decrease,2
score-2_5,1,soybean-silage_barley_cattle-feed,cement,j-bunk,decrease,2
score-2_6,1,soybean-silage_barley_cattle-feed,cement,j-bunk,decrease,2
score-2_7,1,soybean-silage_barley_cattle-feed,cement,j-bunk,decrease,2
score-2_8,1,soybean-silage_barley_cattle-feed,cement,j-bunk,decrease,2
score-2_9,1,soybean-silage_barley_cattle-feed,cement,j-bunk,decrease,2
score-2_10,1,soybean-silage_barley_cattle-feed,cement,j-bunk,decrease,2
score-2_11,1,soybean-silage_barley_cattle-feed,cement,j-bunk,decrease,2
score-2_12,1,soybean-silage_barley_cattle-feed,cement,j-bunk,decrease,2
score-2_13,1,soybean-silage_barley_cattle-feed,cement,j-bunk,decrease,2
score-2_14,1,soybean-silage_barley_cattle-feed,cement,j-bunk,decrease,2
score-2_15,1,soybean-silage_barley_cattle-feed,cement,j-bunk,decrease,2
score-2_16,1,soybean-silage_barley_cattle-feed,cement,j-bunk,decrease,2
score-2_17,1,soybean-silage_barley_cattle-feed,cement,j-bunk,decrease,2
score-2_18,1,soybean-silage_barley_cattle-feed,cement,j-bunk,decrease,2
score-2_19,3,citrus-pulp_cottonseed_cattle-feed_corn-silage,cement-ceramic,feed-curb,decrease,2
score-2_20,3,citrus-pulp_cottonseed_cattle-feed_corn-silage,cement-ceramic,feed-curb,decrease,2
score-2_21,3,citrus-pulp_cottonseed_cattle-feed_corn-silage,cement-ceramic,feed-curb,decrease,2
score-2_22,3,citrus-pulp_cottonseed_cattle-feed_corn-silage,cement-ceramic,feed-curb,decrease,2
score-2_23,3,citrus-pulp_cottonseed_cattle-feed_corn-silage,cement-ceramic,feed-curb,decrease,2
score-2_24,3,citrus-pulp_cottonseed_cattle-feed_corn-silage,cement-ceramic,feed-curb,decrease,2
score-2_25,3,citrus-pulp_cottonseed_cattle-feed_corn-silage,cement-ceramic,feed-curb,decrease,2
score-2_26,3,citrus-pulp_cottonseed_cattle-feed_corn-silage,cement-ceramic,feed-curb,decrease,2
score-2_27,3,citrus-pulp_cottonseed_cattle-feed_corn-silage,cement-ceramic,feed-curb,decrease,2
score-2_28,3,citrus-pulp_cottonseed_cattle-feed_corn-silage,cement-ceramic,feed-curb,decrease,2
score-2_29,3,citrus-pulp_cottonseed_cattle-feed_corn-silage,cement-ceramic,feed-curb,decrease,2
score-2_30,3,citrus-pulp_cottonseed_cattle-feed_corn-silage,cement-ceramic,feed-curb,decrease,2
score-2_31,3,citrus-pulp_cottonseed_cattle-feed_corn-silage,cement-ceramic,feed-curb,decrease,2
score-2_32,3,citrus-pulp_cottonseed_cattle-feed_corn-silage,cement-ceramic,feed-curb,decrease,2
score-2_33,3,citrus-pulp_cottonseed_cattle-feed_corn-silage,cement-ceramic,feed-curb,decrease,2
score-2_34,3,citrus-pulp_cottonseed_cattle-feed_corn-silage,cement-ceramic,feed-curb,decrease,2
score-2_35,3,citrus-pulp_cottonseed_cattle-feed_corn-silage,cement-ceramic,feed-curb,decrease,2
score-2_36,3,citrus-pulp_cottonseed_cattle-feed_corn-silage,cement-ceramic,feed-curb,decrease,2
score-2_37,3,citrus-pulp_cottonseed_cattle-feed_corn-silage,cement-ceramic,feed-curb,decrease,2
score-2_38,5,MD,cement,h-bunk,decrease,2
score-2_39,5,MD,cement,h-bunk,decrease,2
score-2_40,5,MD,cement,h-bunk,decrease,2
score-2_41,5,MD,cement,h-bunk,decrease,2
score-2_42,5,MD,cement,h-bunk,decrease,2
score-2_43,5,MD,cement,h-bunk,decrease,2
score-2_44,5,MD,cement,h-bunk,decrease,2
score-2_45,5,MD,cement,h-bunk,decrease,2
score-2_46,5,MD,cement,h-bunk,decrease,2
score-2_47,5,cornmeal_soybean-meal_mineral-supplement,cement,h-bunk,decrease,2
score-2_48,5,cornmeal_soybean-meal_mineral-supplement,cement,h-bunk,decrease,2
score-2_49,5,cornmeal_soybean-meal_mineral-supplement,cement,h-bunk,decrease,2
score-2_50,5,cornmeal_soybean-meal_mineral-supplement,cement,h-bunk,decrease,2
score-2_51,5,cornmeal_soybean-meal_mineral-supplement,cement,h-bunk,decrease,2
score-2_52,5,cornmeal_soybean-meal_mineral-supplement,cement,h-bunk,decrease,2
score-2_53,5,cornmeal_soybean-meal_mineral-supplement,cement,h-bunk,decrease,2
score-2_54,5,cornmeal_soybean-meal_mineral-supplement,cement,h-bunk,decrease,2
score-2_55,5,cornmeal_soybean-meal_mineral-supplement,cement,h-bunk,decrease,2
score-2_56,5,cornmeal_soybean-meal_mineral-supplement,cement,h-bunk,decrease,2
score-2_57,5,cornmeal_soybean-meal_mineral-supplement,cement,h-bunk,decrease,2
score-2_58,5,cornmeal_soybean-meal_mineral-supplement,cement,h-bunk,decrease,2
score-2_59,6,MD,cement,h-bunk,decrease,2
score-2_60,6,MD,cement,h-bunk,decrease,2
score-2_61,6,MD,cement,h-bunk,decrease,2
score-2_62,6,MD,cement,h-bunk,decrease,2
score-2_63,6,MD,cement,h-bunk,decrease,2
score-2_64,6,MD,cement,h-bunk,decrease,2
score-2_65,6,MD,cement,h-bunk,decrease,2
score-2_66,6,MD,cement,h-bunk,decrease,2
score-2_67,6,MD,cement,h-bunk,decrease,2
score-2_68,6,MD,cement,h-bunk,decrease,2
score-2_69,6,MD,plastic,j-bunk,decrease,2
score-2_70,6,MD,plastic,j-bunk,decrease,2
score-2_71,6,MD,plastic,j-bunk,decrease,2
score-2_72,6,MD,plastic,j-bunk,decrease,2
score-2_73,6,MD,plastic,j-bunk,decrease,2
score-2_74,6,MD,plastic,j-bunk,decrease,2
score-2_75,6,MD,cement,j-bunk,decrease,2
score-2_76,6,MD,cement,j-bunk,decrease,2
score-2_77,6,MD,cement,j-bunk,decrease,2
score-2_78,6,MD,cement,j-bunk,decrease,2
score-2_79,3,citrus-pulp_cottonseed_cattle-feed_corn-silage,cement-ceramic,feed-curb,decrease,2
score-2_80,3,citrus-pulp_cottonseed_cattle-feed_corn-silage,cement-ceramic,feed-curb,decrease,2
score-2_81,3,citrus-pulp_cottonseed_cattle-feed_corn-silage,cement-ceramic,feed-curb,decrease,2
score-2_82,3,citrus-pulp_cottonseed_cattle-feed_corn-silage,cement-ceramic,feed-curb,decrease,2
score-2_83,3,citrus-pulp_cottonseed_cattle-feed_corn-silage,cement-ceramic,feed-curb,decrease,2
score-2_84,3,citrus-pulp_cottonseed_cattle-feed_corn-silage,cement-ceramic,feed-curb,decrease,2
score-2_85,3,citrus-pulp_cottonseed_cattle-feed_corn-silage,cement-ceramic,feed-curb,decrease,2
score-2_86,3,citrus-pulp_cottonseed_cattle-feed_corn-silage,cement-ceramic,feed-curb,decrease,2
score-2_87,3,citrus-pulp_cottonseed_cattle-feed_corn-silage,cement-ceramic,feed-curb,decrease,2
score-2_88,3,citrus-pulp_cottonseed_cattle-feed_corn-silage,cement-ceramic,feed-curb,decrease,2
score-2_89,3,citrus-pulp_cottonseed_cattle-feed_corn-silage,cement-ceramic,feed-curb,decrease,2
score-2_90,3,citrus-pulp_cottonseed_cattle-feed_corn-silage,cement-ceramic,feed-curb,decrease,2
score-2_91,3,citrus-pulp_cottonseed_cattle-feed_corn-silage,cement-ceramic,feed-curb,decrease,2
score-2_92,3,citrus-pulp_cottonseed_cattle-feed_corn-silage,cement-ceramic,feed-curb,decrease,2
score-2_93,3,citrus-pulp_cottonseed_cattle-feed_corn-silage,cement-ceramic,feed-curb,decrease,2
score-2_94,3,citrus-pulp_cottonseed_cattle-feed_corn-silage,cement-ceramic,feed-curb,decrease,2
score-2_95,3,citrus-pulp_cottonseed_cattle-feed_corn-silage,cement-ceramic,feed-curb,decrease,2
score-2_96,3,citrus-pulp_cottonseed_cattle-feed_corn-silage,cement-ceramic,feed-curb,decrease,2
score-2_97,3,citrus-pulp_cottonseed_cattle-feed_corn-silage,cement-ceramic,feed-curb,decrease,2
score-2_98,3,citrus-pulp_cottonseed_cattle-feed_corn-silage,cement-ceramic,feed-curb,decrease,2
score-2_99,3,citrus-pulp_cottonseed_cattle-feed_corn-silage,cement-ceramic,feed-curb,decrease,2
score-2_100,3,citrus-pulp_cottonseed_cattle-feed_corn-silage,cement-ceramic,feed-curb,decrease,2
score-2_101,3,citrus-pulp_cottonseed_cattle-feed_corn-silage,cement-ceramic,feed-curb,decrease,2
score-2_102,3,citrus-pulp_cottonseed_cattle-feed_corn-silage,cement-ceramic,feed-curb,decrease,2
score-2_103,3,citrus-pulp_cottonseed_cattle-feed_corn-silage,cement-ceramic,feed-curb,decrease,2
score-2_104,3,citrus-pulp_cottonseed_cattle-feed_corn-silage,cement-ceramic,feed-curb,decrease,2
score-2_105,3,citrus-pulp_cottonseed_cattle-feed_corn-silage,cement-ceramic,feed-curb,decrease,2
score-2_106,3,citrus-pulp_cottonseed_cattle-feed_corn-silage,cement-ceramic,feed-curb,decrease,2
score-2_107,3,citrus-pulp_cottonseed_cattle-feed_corn-silage,cement-ceramic,feed-curb,decrease,2
score-2_108,3,citrus-pulp_cottonseed_cattle-feed_corn-silage,cement-ceramic,feed-curb,decrease,2
score-2_109,3,citrus-pulp_cottonseed_cattle-feed_corn-silage,cement-ceramic,feed-curb,decrease,2
score-2_110,3,citrus-pulp_cottonseed_cattle-feed_corn-silage,cement-ceramic,feed-curb,decrease,2
score-2_111,3,citrus-pulp_cottonseed_cattle-feed_corn-silage,cement-ceramic,feed-curb,decrease,2
score-2_112,3,citrus-pulp_cottonseed_cattle-feed_corn-silage,cement-ceramic,feed-curb,decrease,2
score-2_113,5,MD,cement,h-bunk,decrease,2
score-2_114,5,MD,cement,h-bunk,decrease,2
score-2_115,5,MD,cement,h-bunk,decrease,2
score-2_116,3,citrus-pulp_cottonseed_cattle-feed_corn-silage,cement-ceramic,feed-curb,decrease,2
score-2_117,3,citrus-pulp_cottonseed_cattle-feed_corn-silage,cement-ceramic,feed-curb,decrease,2
score-3_0,2,cornmeal_soybean-hulls_ddg_corn-silage,cement,h-bunk,decrease,3
score-3_1,2,cornmeal_soybean-hulls_ddg_corn-silage,cement,h-bunk,decrease,3
score-3_2,7,MD,cement,j-bunk,decrease,3
score-3_3,7,MD,cement,j-bunk,decrease,3
score-3_4,7,MD,cement,j-bunk,decrease,3
score-3_5,7,MD,cement,j-bunk,decrease,3
score-3_6,7,MD,cement,j-bunk,decrease,3
score-3_7,7,MD,cement,j-bunk,decrease,3
score-3_8,7,MD,cement,j-bunk,decrease,3
score-3_9,7,MD,cement,j-bunk,decrease,3
score-3_10,7,MD,cement,j-bunk,decrease,3
score-3_11,7,MD,cement,j-bunk,decrease,3
score-3_12,7,MD,cement,j-bunk,decrease,3
score-3_13,7,MD,cement,j-bunk,decrease,3
score-3_14,7,MD,cement,j-bunk,decrease,3
score-3_15,7,MD,cement,j-bunk,decrease,3
score-3_16,7,MD,cement,j-bunk,decrease,3
score-3_17,7,MD,cement,j-bunk,decrease,3
score-3_18,7,MD,cement,j-bunk,decrease,3
score-3_19,7,MD,cement,j-bunk,decrease,3
score-3_20,7,MD,cement,j-bunk,decrease,3
score-3_21,7,MD,cement,j-bunk,decrease,3
score-3_22,7,MD,cement,j-bunk,decrease,3
score-3_23,7,MD,cement,j-bunk,decrease,3
score-3_24,7,MD,cement,j-bunk,decrease,3
score-3_25,7,MD,cement,j-bunk,decrease,3
score-3_26,7,MD,cement,j-bunk,decrease,3
score-3_27,7,MD,cement,j-bunk,decrease,3
score-3_28,7,MD,cement,j-bunk,decrease,3
score-3_29,7,MD,cement,j-bunk,decrease,3
score-3_30,7,MD,cement,j-bunk,decrease,3
score-3_31,7,MD,cement,j-bunk,decrease,3
score-3_32,7,MD,cement,j-bunk,decrease,3
score-3_33,7,MD,cement,j-bunk,decrease,3
score-3_34,7,MD,cement,j-bunk,decrease,3
score-3_35,7,MD,cement,j-bunk,decrease,3
score-3_36,7,MD,cement,j-bunk,decrease,3
score-3_37,7,MD,cement,j-bunk,decrease,3
score-3_38,7,MD,cement,j-bunk,decrease,3
score-3_39,7,MD,cement,j-bunk,decrease,3
score-3_40,7,MD,cement,j-bunk,decrease,3
score-3_41,7,MD,cement,j-bunk,decrease,3
score-3_42,7,MD,cement,j-bunk,decrease,3
score-3_43,7,MD,cement,j-bunk,decrease,3
score-3_44,7,MD,cement,j-bunk,decrease,3
score-3_45,7,MD,cement,j-bunk,decrease,3
score-3_46,7,MD,cement,j-bunk,decrease,3
score-3_47,7,MD,cement,j-bunk,decrease,3
score-3_48,7,MD,cement,j-bunk,decrease,3
score-3_49,7,MD,cement,j-bunk,decrease,3
score-3_50,7,MD,cement,j-bunk,decrease,3
score-3_51,7,MD,cement,j-bunk,decrease,3
score-3_52,7,MD,cement,j-bunk,decrease,3
score-3_53,7,MD,cement,j-bunk,decrease,3
score-3_54,7,MD,cement,j-bunk,decrease,3
score-3_55,7,MD,cement,j-bunk,decrease,3
score-3_56,7,MD,cement,j-bunk,decrease,3
score-3_57,7,MD,cement,j-bunk,decrease,3
score-3_58,7,MD,cement,j-bunk,decrease,3
score-3_59,7,MD,cement,j-bunk,decrease,3
score-3_60,7,MD,cement,j-bunk,decrease,3
score-3_61,7,MD,cement,j-bunk,decrease,3
score-3_62,7,MD,cement,j-bunk,decrease,3
score-3_63,7,MD,cement,j-bunk,decrease,3
score-3_64,7,MD,cement,j-bunk,decrease,3
score-3_65,7,MD,cement,j-bunk,decrease,3
score-3_66,7,MD,cement,j-bunk,decrease,3
score-3_67,7,MD,cement,j-bunk,decrease,3
score-3_68,7,MD,cement,j-bunk,decrease,3
score-3_69,7,MD,cement,j-bunk,decrease,3
score-3_70,7,MD,cement,j-bunk,decrease,3
score-3_71,7,MD,cement,j-bunk,decrease,3
score-3_72,8,MD,cement,j-bunk,decrease,3
score-3_73,8,MD,cement,j-bunk,decrease,3
score-3_74,8,MD,cement,j-bunk,decrease,3
score-3_75,1,soybean-silage_barley_cattle-feed,cement,j-bunk,decrease,3
score-3_76,1,soybean-silage_barley_cattle-feed,cement,j-bunk,decrease,3
score-3_77,1,soybean-silage_barley_cattle-feed,cement,j-bunk,decrease,3
score-3_78,1,soybean-silage_barley_cattle-feed,cement,j-bunk,decrease,3
score-3_79,1,soybean-silage_barley_cattle-feed,cement,j-bunk,decrease,3
score-3_80,1,soybean-silage_barley_cattle-feed,cement,j-bunk,decrease,3
score-3_81,1,soybean-silage_barley_cattle-feed,cement,j-bunk,decrease,3
score-3_82,1,soybean-silage_barley_cattle-feed,cement,j-bunk,decrease,3
score-3_83,1,soybean-silage_barley_cattle-feed,cement,j-bunk,decrease,3
score-3_84,1,soybean-silage_barley_cattle-feed,cement,j-bunk,decrease,3
score-3_85,1,soybean-silage_barley_cattle-feed,cement,j-bunk,decrease,3
score-3_86,3,citrus-pulp_cottonseed_cattle-feed_corn-silage,cement-ceramic,feed-curb,decrease,3
score-3_87,3,citrus-pulp_cottonseed_cattle-feed_corn-silage,cement-ceramic,feed-curb,decrease,3
score-3_88,3,citrus-pulp_cottonseed_cattle-feed_corn-silage,cement-ceramic,feed-curb,decrease,3
score-3_89,3,citrus-pulp_cottonseed_cattle-feed_corn-silage,cement-ceramic,feed-curb,decrease,3
score-3_90,3,citrus-pulp_cottonseed_cattle-feed_corn-silage,cement-ceramic,feed-curb,decrease,3
score-3_91,3,citrus-pulp_cottonseed_cattle-feed_corn-silage,cement-ceramic,feed-curb,decrease,3
score-3_92,3,citrus-pulp_cottonseed_cattle-feed_corn-silage,cement-ceramic,feed-curb,decrease,3
score-3_93,3,citrus-pulp_cottonseed_cattle-feed_corn-silage,cement-ceramic,feed-curb,decrease,3
score-3_94,3,citrus-pulp_cottonseed_cattle-feed_corn-silage,cement-ceramic,feed-curb,decrease,3
score-3_95,3,citrus-pulp_cottonseed_cattle-feed_corn-silage,cement-ceramic,feed-curb,decrease,3
score-3_96,3,citrus-pulp_cottonseed_cattle-feed_corn-silage,cement-ceramic,feed-curb,decrease,3
score-3_97,3,citrus-pulp_cottonseed_cattle-feed_corn-silage,cement-ceramic,feed-curb,decrease,3
score-3_98,3,citrus-pulp_cottonseed_cattle-feed_corn-silage,cement-ceramic,feed-curb,decrease,3
score-3_99,3,citrus-pulp_cottonseed_cattle-feed_corn-silage,cement-ceramic,feed-curb,decrease,3
score-3_100,3,citrus-pulp_cottonseed_cattle-feed_corn-silage,cement-ceramic,feed-curb,decrease,3
score-3_101,3,citrus-pulp_cottonseed_cattle-feed_corn-silage,cement-ceramic,feed-curb,decrease,3
score-3_102,3,citrus-pulp_cottonseed_cattle-feed_corn-silage,cement-ceramic,feed-curb,decrease,3
score-3_103,5,MD,cement,h-bunk,decrease,3
score-3_104,5,MD,cement,h-bunk,decrease,3
score-3_105,5,MD,cement,h-bunk,decrease,3
score-3_106,5,MD,cement,h-bunk,decrease,3
score-3_107,5,MD,cement,h-bunk,decrease,3
score-3_108,5,MD,cement,h-bunk,decrease,3
score-3_109,5,MD,cement,h-bunk,decrease,3
score-3_110,5,MD,cement,h-bunk,decrease,3
score-3_111,5,MD,cement,h-bunk,decrease,3
score-3_112,5,MD,cement,h-bunk,decrease,3
score-3_113,5,MD,cement,h-bunk,decrease,3
score-3_114,5,MD,cement,h-bunk,decrease,3
score-3_115,5,MD,cement,h-bunk,decrease,3
score-3_116,5,MD,cement,h-bunk,decrease,3
score-3_117,5,MD,cement,h-bunk,decrease,3
score-3_118,5,MD,cement,h-bunk,decrease,3
score-3_119,5,MD,cement,h-bunk,decrease,3
score-3_120,5,MD,cement,h-bunk,decrease,3
score-3_121,5,MD,cement,h-bunk,decrease,3
score-3_122,5,MD,cement,h-bunk,decrease,3
score-3_123,5,MD,cement,h-bunk,decrease,3
score-3_124,5,MD,cement,h-bunk,decrease,3
score-3_125,5,MD,cement,h-bunk,decrease,3
score-3_126,5,MD,cement,h-bunk,decrease,3
score-3_127,5,MD,cement,h-bunk,decrease,3
score-3_128,5,MD,cement,h-bunk,decrease,3
score-3_129,5,MD,cement,h-bunk,decrease,3
score-3_130,5,MD,cement,h-bunk,decrease,3
score-3_131,5,MD,cement,h-bunk,decrease,3
score-3_132,5,MD,cement,h-bunk,decrease,3
score-3_133,5,MD,cement,h-bunk,decrease,3
score-3_134,5,MD,cement,h-bunk,decrease,3
score-3_135,5,MD,cement,h-bunk,decrease,3
score-3_136,5,MD,cement,h-bunk,decrease,3
score-3_137,5,MD,cement,h-bunk,decrease,3
score-3_138,5,MD,cement,h-bunk,decrease,3
score-3_139,5,MD,cement,h-bunk,decrease,3
score-3_140,6,soybean-silage_soybean-ddg-corn-citrus-pulp,plastic,j-bunk,decrease,3
score-3_141,6,soybean-silage_soybean-ddg-corn-citrus-pulp,plastic,j-bunk,decrease,3
score-3_142,6,soybean-silage_soybean-ddg-corn-citrus-pulp,plastic,j-bunk,decrease,3
score-3_143,6,soybean-silage_soybean-ddg-corn-citrus-pulp,plastic,j-bunk,decrease,3
score-3_144,6,soybean-silage_soybean-ddg-corn-citrus-pulp,plastic,j-bunk,decrease,3
score-3_145,6,soybean-silage_soybean-ddg-corn-citrus-pulp,plastic,j-bunk,decrease,3
score-3_146,6,soybean-silage_soybean-ddg-corn-citrus-pulp,plastic,j-bunk,decrease,3
score-3_147,6,soybean-silage_soybean-ddg-corn-citrus-pulp,plastic,j-bunk,decrease,3
score-3_148,6,soybean-silage_soybean-ddg-corn-citrus-pulp,plastic,j-bunk,decrease,3
score-3_149,6,soybean-silage_soybean-ddg-corn-citrus-pulp,plastic,j-bunk,decrease,3
score-3_150,6,soybean-silage_soybean-ddg-corn-citrus-pulp,plastic,j-bunk,decrease,3
score-3_151,6,soybean-silage_soybean-ddg-corn-citrus-pulp,plastic,j-bunk,decrease,3
score-3_152,6,soybean-silage_soybean-ddg-corn-citrus-pulp,plastic,j-bunk,decrease,3
score-3_153,6,soybean-silage_soybean-ddg-corn-citrus-pulp,plastic,j-bunk,decrease,3
score-3_154,6,soybean-silage_soybean-ddg-corn-citrus-pulp,plastic,j-bunk,decrease,3
score-3_155,6,soybean-silage_soybean-ddg-corn-citrus-pulp,plastic,j-bunk,decrease,3
score-3_156,6,soybean-silage_soybean-ddg-corn-citrus-pulp,plastic,j-bunk,decrease,3
score-3_157,5,cornmeal_soybean-meal_mineral-supplement,cement,h-bunk,decrease,3
score-3_158,5,cornmeal_soybean-meal_mineral-supplement,cement,h-bunk,decrease,3
score-3_159,5,cornmeal_soybean-meal_mineral-supplement,cement,h-bunk,decrease,3
score-3_160,5,cornmeal_soybean-meal_mineral-supplement,cement,h-bunk,decrease,3
score-3_161,5,cornmeal_soybean-meal_mineral-supplement,cement,h-bunk,decrease,3
score-3_162,5,cornmeal_soybean-meal_mineral-supplement,cement,h-bunk,decrease,3
score-3_163,5,cornmeal_soybean-meal_mineral-supplement,cement,h-bunk,decrease,3
score-3_164,5,cornmeal_soybean-meal_mineral-supplement,cement,h-bunk,decrease,3
score-3_165,5,cornmeal_soybean-meal_mineral-supplement,cement,h-bunk,decrease,3
score-3_166,5,cornmeal_soybean-meal_mineral-supplement,cement,h-bunk,decrease,3
score-3_167,5,cornmeal_soybean-meal_mineral-supplement,cement,h-bunk,decrease,3
score-3_168,5,cornmeal_soybean-meal_mineral-supplement,cement,h-bunk,decrease,3
score-3_169,5,cornmeal_soybean-meal_mineral-supplement,cement,h-bunk,decrease,3
score-3_170,5,cornmeal_soybean-meal_mineral-supplement,cement,h-bunk,decrease,3
score-3_171,5,cornmeal_soybean-meal_mineral-supplement,cement,h-bunk,decrease,3
score-3_172,5,cornmeal_soybean-meal_mineral-supplement,cement,h-bunk,decrease,3
score-3_173,5,cornmeal_soybean-meal_mineral-supplement,cement,h-bunk,decrease,3
score-3_174,6,MD,cement,h-bunk,decrease,3
score-3_175,6,MD,cement,h-bunk,decrease,3
score-3_176,6,MD,cement,h-bunk,decrease,3
score-3_177,6,MD,cement,h-bunk,decrease,3
score-3_178,6,MD,cement,h-bunk,decrease,3
score-3_179,6,MD,cement,h-bunk,decrease,3
score-3_180,6,MD,plastic,j-bunk,decrease,3
score-3_181,6,MD,plastic,j-bunk,decrease,3
score-3_182,6,MD,plastic,j-bunk,decrease,3
score-3_183,6,MD,plastic,j-bunk,decrease,3
score-3_184,6,MD,plastic,j-bunk,decrease,3
score-3_185,6,MD,plastic,j-bunk,decrease,3
score-3_186,6,MD,plastic,j-bunk,decrease,3
score-3_187,6,MD,plastic,j-bunk,decrease,3
score-3_188,6,MD,plastic,j-bunk,decrease,3
score-3_189,6,MD,plastic,j-bunk,decrease,3
score-3_190,6,MD,plastic,j-bunk,decrease,3
score-3_191,6,MD,plastic,j-bunk,decrease,3
score-3_192,6,MD,plastic,j-bunk,decrease,3
score-3_193,0,MD,cement,feed-curb,decrease,3
score-3_194,0,MD,cement,feed-curb,decrease,3
score-3_195,0,MD,cement,feed-curb,decrease,3
score-3_196,3,citrus-pulp_cottonseed_cattle-feed_corn-silage,cement-ceramic,feed-curb,decrease,3
score-3_197,3,citrus-pulp_cottonseed_cattle-feed_corn-silage,cement-ceramic,feed-curb,decrease,3
score-3_198,3,citrus-pulp_cottonseed_cattle-feed_corn-silage,cement-ceramic,feed-curb,decrease,3
score-3_199,3,citrus-pulp_cottonseed_cattle-feed_corn-silage,cement-ceramic,feed-curb,decrease,3
score-3_200,3,citrus-pulp_cottonseed_cattle-feed_corn-silage,cement-ceramic,feed-curb,decrease,3
score-3_201,3,citrus-pulp_cottonseed_cattle-feed_corn-silage,cement-ceramic,feed-curb,decrease,3
score-3_202,3,citrus-pulp_cottonseed_cattle-feed_corn-silage,cement-ceramic,feed-curb,decrease,3
score-3_203,3,citrus-pulp_cottonseed_cattle-feed_corn-silage,cement-ceramic,feed-curb,decrease,3
score-3_204,3,citrus-pulp_cottonseed_cattle-feed_corn-silage,cement-ceramic,feed-curb,decrease,3
score-3_205,3,citrus-pulp_cottonseed_cattle-feed_corn-silage,cement-ceramic,feed-curb,decrease,3
score-3_206,3,citrus-pulp_cottonseed_cattle-feed_corn-silage,cement-ceramic,feed-curb,decrease,3
score-3_207,3,citrus-pulp_cottonseed_cattle-feed_corn-silage,cement-ceramic,feed-curb,decrease,3
score-3_208,3,citrus-pulp_cottonseed_cattle-feed_corn-silage,cement-ceramic,feed-curb,decrease,3
score-3_209,3,citrus-pulp_cottonseed_cattle-feed_corn-silage,cement-ceramic,feed-curb,decrease,3
score-3_210,3,citrus-pulp_cottonseed_cattle-feed_corn-silage,cement-ceramic,feed-curb,decrease,3
score-3_211,5,MD,cement,h-bunk,decrease,3
score-3_212,5,MD,cement,h-bunk,decrease,3
score-3_213,5,MD,cement,h-bunk,decrease,3
score-3_214,5,MD,cement,h-bunk,decrease,3
score-3_215,5,MD,cement,h-bunk,decrease,3
score-3_216,5,MD,cement,h-bunk,decrease,3
score-3_217,5,MD,cement,h-bunk,decrease,3
score-3_218,5,MD,cement,h-bunk,decrease,3
score-3_219,5,MD,cement,h-bunk,decrease,3
score-3_220,5,MD,cement,h-bunk,decrease,3
score-3_221,5,MD,cement,h-bunk,decrease,3
score-3_222,5,MD,cement,h-bunk,decrease,3
score-3_223,5,MD,cement,h-bunk,decrease,3
score-3_224,5,MD,cement,h-bunk,decrease,3
score-3_225,5,MD,cement,h-bunk,decrease,3
score-3_226,5,MD,cement,h-bunk,decrease,3
score-3_227,5,MD,cement,h-bunk,decrease,3
score-3_228,5,MD,cement,h-bunk,decrease,3
score-3_229,5,MD,cement,h-bunk,decrease,3
score-3_230,5,MD,cement,h-bunk,decrease,3
score-3_231,5,MD,cement,h-bunk,decrease,3
score-3_232,5,MD,cement,h-bunk,decrease,3
score-3_233,5,MD,cement,h-bunk,decrease,3
score-3_234,5,MD,cement,h-bunk,decrease,3
score-3_235,5,MD,cement,h-bunk,decrease,3
score-3_236,5,MD,cement,h-bunk,decrease,3
score-3_237,5,MD,cement,h-bunk,decrease,3
score-3_238,5,MD,cement,h-bunk,decrease,3
score-3_239,5,MD,cement,h-bunk,decrease,3
score-3_240,5,MD,cement,h-bunk,decrease,3
score-3_241,5,MD,cement,h-bunk,decrease,3
score-3_242,6,MD,plastic,j-bunk,decrease,3
score-3_243,6,MD,plastic,j-bunk,decrease,3
score-3_244,6,MD,plastic,j-bunk,decrease,3
score-3_245,6,MD,plastic,j-bunk,decrease,3
score-3_246,6,MD,plastic,j-bunk,decrease,3
score-3_247,6,MD,plastic,j-bunk,decrease,3
score-3_248,6,MD,plastic,j-bunk,decrease,3
score-3_249,6,MD,plastic,j-bunk,decrease,3
score-3_250,6,MD,plastic,j-bunk,decrease,3
score-3_251,6,MD,plastic,j-bunk,decrease,3
score-3_252,6,MD,plastic,j-bunk,decrease,3
score-3_253,6,MD,plastic,j-bunk,decrease,3
score-3_254,6,MD,plastic,j-bunk,decrease,3
score-3_255,6,MD,plastic,j-bunk,decrease,3
score-3_256,6,MD,plastic,j-bunk,decrease,3
score-3_257,6,MD,plastic,j-bunk,decrease,3
score-3_258,6,MD,plastic,j-bunk,decrease,3
score-3_259,6,MD,plastic,j-bunk,decrease,3
score-3_260,6,MD,plastic,j-bunk,decrease,3
score-3_261,6,MD,plastic,j-bunk,decrease,3
score-3_262,6,MD,plastic,j-bunk,decrease,3
score-3_263,6,MD,plastic,j-bunk,decrease,3
score-3_264,6,MD,plastic,j-bunk,decrease,3
score-3_265,6,MD,plastic,j-bunk,decrease,3
score-3_266,6,MD,plastic,j-bunk,decrease,3
score-3_267,3,citrus-pulp_cottonseed_cattle-feed_corn-silage,cement-ceramic,feed-curb,decrease,3
score-3_268,3,citrus-pulp_cottonseed_cattle-feed_corn-silage,cement-ceramic,feed-curb,decrease,3
score-3_269,5,MD,cement,h-bunk,decrease,3
score-4_0,2,cornmeal_soybean-hulls_ddg_corn-silage,cement,j-bunk,decrease,4
score-4_1,2,cornmeal_soybean-hulls_ddg_corn-silage,cement,j-bunk,decrease,4
score-4_2,1,soybean-silage_barley_cattle-feed,cement,j-bunk,decrease,4
score-4_3,1,soybean-silage_barley_cattle-feed,cement,j-bunk,decrease,4
score-4_4,1,soybean-silage_barley_cattle-feed,cement,j-bunk,decrease,4
score-4_5,1,soybean-silage_barley_cattle-feed,cement,j-bunk,decrease,4
score-4_6,1,soybean-silage_barley_cattle-feed,cement,j-bunk,decrease,4
score-4_7,1,soybean-silage_barley_cattle-feed,cement,j-bunk,decrease,4
score-4_8,1,soybean-silage_barley_cattle-feed,cement,j-bunk,decrease,4
score-4_9,1,soybean-silage_barley_cattle-feed,cement,j-bunk,decrease,4
score-4_10,1,soybean-silage_barley_cattle-feed,cement,j-bunk,decrease,4
score-4_11,1,soybean-silage_barley_cattle-feed,cement,j-bunk,decrease,4
score-4_12,1,soybean-silage_barley_cattle-feed,cement,j-bunk,decrease,4
score-4_13,1,soybean-silage_barley_cattle-feed,cement,j-bunk,decrease,4
score-4_14,1,soybean-silage_barley_cattle-feed,cement,j-bunk,decrease,4
score-4_15,1,soybean-silage_barley_cattle-feed,cement,j-bunk,decrease,4
score-4_16,1,soybean-silage_barley_cattle-feed,cement,j-bunk,decrease,4
score-4_17,1,soybean-silage_barley_cattle-feed,cement,j-bunk,decrease,4
score-4_18,1,soybean-silage_barley_cattle-feed,cement,j-bunk,decrease,4
score-4_19,1,soybean-silage_barley_cattle-feed,cement,j-bunk,decrease,4
score-4_20,1,soybean-silage_barley_cattle-feed,cement,j-bunk,decrease,4
score-4_21,1,soybean-silage_barley_cattle-feed,cement,j-bunk,decrease,4
score-4_22,1,soybean-silage_barley_cattle-feed,cement,j-bunk,decrease,4
score-4_23,1,soybean-silage_barley_cattle-feed,cement,j-bunk,decrease,4
score-4_24,1,soybean-silage_barley_cattle-feed,cement,j-bunk,decrease,4
score-4_25,1,soybean-silage_barley_cattle-feed,cement,j-bunk,decrease,4
score-4_26,1,soybean-silage_barley_cattle-feed,cement,j-bunk,decrease,4
score-4_27,1,soybean-silage_barley_cattle-feed,cement,j-bunk,decrease,4
score-4_28,1,soybean-silage_barley_cattle-feed,cement,j-bunk,decrease,4
score-4_29,1,soybean-silage_barley_cattle-feed,cement,j-bunk,decrease,4
score-4_30,1,soybean-silage_barley_cattle-feed,cement,j-bunk,decrease,4
score-4_31,1,soybean-silage_barley_cattle-feed,cement,j-bunk,decrease,4
score-4_32,1,soybean-silage_barley_cattle-feed,cement,j-bunk,decrease,4
score-4_33,1,soybean-silage_barley_cattle-feed,cement,j-bunk,decrease,4
score-4_34,1,soybean-silage_barley_cattle-feed,cement,j-bunk,decrease,4
score-4_35,1,soybean-silage_barley_cattle-feed,cement,j-bunk,decrease,4
score-4_36,1,soybean-silage_barley_cattle-feed,cement,j-bunk,decrease,4
score-4_37,1,soybean-silage_barley_cattle-feed,cement,j-bunk,decrease,4
score-4_38,1,soybean-silage_barley_cattle-feed,cement,j-bunk,decrease,4
score-4_39,1,soybean-silage_barley_cattle-feed,cement,j-bunk,decrease,4
score-4_40,1,soybean-silage_barley_cattle-feed,cement,j-bunk,decrease,4
score-4_41,1,soybean-silage_barley_cattle-feed,cement,j-bunk,decrease,4
score-4_42,1,soybean-silage_barley_cattle-feed,cement,j-bunk,decrease,4
score-4_43,1,soybean-silage_barley_cattle-feed,cement,j-bunk,decrease,4
score-4_44,1,soybean-silage_barley_cattle-feed,cement,j-bunk,decrease,4
score-4_45,1,soybean-silage_barley_cattle-feed,cement,j-bunk,decrease,4
score-4_46,1,soybean-silage_barley_cattle-feed,cement,j-bunk,decrease,4
score-4_47,1,soybean-silage_barley_cattle-feed,cement,j-bunk,decrease,4
score-4_48,3,citrus-pulp_cottonseed_cattle-feed_corn-silage,cement-ceramic,feed-curb,decrease,4
score-4_49,3,citrus-pulp_cottonseed_cattle-feed_corn-silage,cement-ceramic,feed-curb,decrease,4
score-4_50,3,citrus-pulp_cottonseed_cattle-feed_corn-silage,cement-ceramic,feed-curb,decrease,4
score-4_51,3,citrus-pulp_cottonseed_cattle-feed_corn-silage,cement-ceramic,feed-curb,decrease,4
score-4_52,3,citrus-pulp_cottonseed_cattle-feed_corn-silage,cement-ceramic,feed-curb,decrease,4
score-4_53,3,citrus-pulp_cottonseed_cattle-feed_corn-silage,cement-ceramic,feed-curb,decrease,4
score-4_54,3,citrus-pulp_cottonseed_cattle-feed_corn-silage,cement-ceramic,feed-curb,decrease,4
score-4_55,3,citrus-pulp_cottonseed_cattle-feed_corn-silage,cement-ceramic,feed-curb,decrease,4
score-4_56,3,citrus-pulp_cottonseed_cattle-feed_corn-silage,cement-ceramic,feed-curb,decrease,4
score-4_57,3,citrus-pulp_cottonseed_cattle-feed_corn-silage,cement-ceramic,feed-curb,decrease,4
score-4_58,3,citrus-pulp_cottonseed_cattle-feed_corn-silage,cement-ceramic,feed-curb,decrease,4
score-4_59,3,citrus-pulp_cottonseed_cattle-feed_corn-silage,cement-ceramic,feed-curb,decrease,4
score-4_60,3,citrus-pulp_cottonseed_cattle-feed_corn-silage,cement-ceramic,feed-curb,decrease,4
score-4_61,3,citrus-pulp_cottonseed_cattle-feed_corn-silage,cement-ceramic,feed-curb,decrease,4
score-4_62,3,citrus-pulp_cottonseed_cattle-feed_corn-silage,cement-ceramic,feed-curb,decrease,4
score-4_63,3,citrus-pulp_cottonseed_cattle-feed_corn-silage,cement-ceramic,feed-curb,decrease,4
score-4_64,3,citrus-pulp_cottonseed_cattle-feed_corn-silage,cement-ceramic,feed-curb,decrease,4
score-4_65,3,citrus-pulp_cottonseed_cattle-feed_corn-silage,cement-ceramic,feed-curb,decrease,4
score-4_66,3,citrus-pulp_cottonseed_cattle-feed_corn-silage,cement-ceramic,feed-curb,decrease,4
score-4_67,3,citrus-pulp_cottonseed_cattle-feed_corn-silage,cement-ceramic,feed-curb,decrease,4
score-4_68,3,citrus-pulp_cottonseed_cattle-feed_corn-silage,cement-ceramic,feed-curb,decrease,4
score-4_69,3,citrus-pulp_cottonseed_cattle-feed_corn-silage,cement-ceramic,feed-curb,decrease,4
score-4_70,3,citrus-pulp_cottonseed_cattle-feed_corn-silage,cement-ceramic,feed-curb,decrease,4
score-4_71,3,citrus-pulp_cottonseed_cattle-feed_corn-silage,cement-ceramic,feed-curb,decrease,4
score-4_72,3,citrus-pulp_cottonseed_cattle-feed_corn-silage,cement-ceramic,feed-curb,decrease,4
score-4_73,3,citrus-pulp_cottonseed_cattle-feed_corn-silage,cement-ceramic,feed-curb,decrease,4
score-4_74,3,citrus-pulp_cottonseed_cattle-feed_corn-silage,cement-ceramic,feed-curb,decrease,4
score-4_75,3,citrus-pulp_cottonseed_cattle-feed_corn-silage,cement-ceramic,feed-curb,decrease,4
score-4_76,3,citrus-pulp_cottonseed_cattle-feed_corn-silage,cement-ceramic,feed-curb,decrease,4
score-4_77,3,citrus-pulp_cottonseed_cattle-feed_corn-silage,cement-ceramic,feed-curb,decrease,4
score-4_78,3,citrus-pulp_cottonseed_cattle-feed_corn-silage,cement-ceramic,feed-curb,decrease,4
score-4_79,3,citrus-pulp_cottonseed_cattle-feed_corn-silage,cement-ceramic,feed-curb,decrease,4
score-4_80,3,citrus-pulp_cottonseed_cattle-feed_corn-silage,cement-ceramic,feed-curb,decrease,4
score-4_81,3,citrus-pulp_cottonseed_cattle-feed_corn-silage,cement-ceramic,feed-curb,decrease,4
score-4_82,3,citrus-pulp_cottonseed_cattle-feed_corn-silage,cement-ceramic,feed-curb,decrease,4
score-4_83,3,citrus-pulp_cottonseed_cattle-feed_corn-silage,cement-ceramic,feed-curb,decrease,4
score-4_84,3,citrus-pulp_cottonseed_cattle-feed_corn-silage,cement-ceramic,feed-curb,decrease,4
score-4_85,3,citrus-pulp_cottonseed_cattle-feed_corn-silage,cement-ceramic,feed-curb,decrease,4
score-4_86,3,citrus-pulp_cottonseed_cattle-feed_corn-silage,cement-ceramic,feed-curb,decrease,4
score-4_87,3,citrus-pulp_cottonseed_cattle-feed_corn-silage,cement-ceramic,feed-curb,decrease,4
score-4_88,3,citrus-pulp_cottonseed_cattle-feed_corn-silage,cement-ceramic,feed-curb,decrease,4
score-4_89,3,citrus-pulp_cottonseed_cattle-feed_corn-silage,cement-ceramic,feed-curb,decrease,4
score-4_90,3,citrus-pulp_cottonseed_cattle-feed_corn-silage,cement-ceramic,feed-curb,decrease,4
score-4_91,3,citrus-pulp_cottonseed_cattle-feed_corn-silage,cement-ceramic,feed-curb,decrease,4
score-4_92,3,citrus-pulp_cottonseed_cattle-feed_corn-silage,cement-ceramic,feed-curb,decrease,4
score-4_93,3,citrus-pulp_cottonseed_cattle-feed_corn-silage,cement-ceramic,feed-curb,decrease,4
score-4_94,3,citrus-pulp_cottonseed_cattle-feed_corn-silage,cement-ceramic,feed-curb,decrease,4
score-4_95,3,citrus-pulp_cottonseed_cattle-feed_corn-silage,cement-ceramic,feed-curb,decrease,4
score-4_96,3,citrus-pulp_cottonseed_cattle-feed_corn-silage,cement-ceramic,feed-curb,decrease,4
score-4_97,3,citrus-pulp_cottonseed_cattle-feed_corn-silage,cement-ceramic,feed-curb,decrease,4
score-4_98,3,citrus-pulp_cottonseed_cattle-feed_corn-silage,cement-ceramic,feed-curb,decrease,4
score-4_99,3,citrus-pulp_cottonseed_cattle-feed_corn-silage,cement-ceramic,feed-curb,decrease,4
score-4_100,5,MD,cement,h-bunk,decrease,4
score-4_101,5,MD,cement,h-bunk,decrease,4
score-4_102,5,MD,cement,h-bunk,decrease,4
score-4_103,5,MD,cement,h-bunk,decrease,4
score-4_104,5,MD,cement,h-bunk,decrease,4
score-4_105,5,MD,cement,h-bunk,decrease,4
score-4_106,5,MD,cement,h-bunk,decrease,4
score-4_107,5,MD,cement,h-bunk,decrease,4
score-4_108,5,MD,cement,h-bunk,decrease,4
score-4_109,5,MD,cement,h-bunk,decrease,4
score-4_110,5,MD,cement,h-bunk,decrease,4
score-4_111,5,MD,cement,h-bunk,decrease,4
score-4_112,5,MD,cement,h-bunk,decrease,4
score-4_113,5,MD,cement,h-bunk,decrease,4
score-4_114,5,MD,cement,h-bunk,decrease,4
score-4_115,5,MD,cement,h-bunk,decrease,4
score-4_116,5,MD,cement,h-bunk,decrease,4
score-4_117,5,MD,cement,h-bunk,decrease,4
score-4_118,5,MD,cement,h-bunk,decrease,4
score-4_119,5,MD,cement,h-bunk,decrease,4
score-4_120,5,MD,cement,h-bunk,decrease,4
score-4_121,5,MD,cement,h-bunk,decrease,4
score-4_122,5,MD,cement,h-bunk,decrease,4
score-4_123,5,MD,cement,h-bunk,decrease,4
score-4_124,5,MD,cement,h-bunk,decrease,4
score-4_125,5,MD,cement,h-bunk,decrease,4
score-4_126,5,MD,cement,h-bunk,decrease,4
score-4_127,5,MD,cement,h-bunk,decrease,4
score-4_128,5,MD,cement,h-bunk,decrease,4
score-4_129,5,MD,cement,h-bunk,decrease,4
score-4_130,5,MD,cement,h-bunk,decrease,4
score-4_131,5,MD,cement,h-bunk,decrease,4
score-4_132,5,MD,cement,h-bunk,decrease,4
score-4_133,5,MD,cement,h-bunk,decrease,4
score-4_134,5,MD,cement,h-bunk,decrease,4
score-4_135,5,MD,cement,h-bunk,decrease,4
score-4_136,5,MD,cement,h-bunk,decrease,4
score-4_137,5,MD,cement,h-bunk,decrease,4
score-4_138,5,MD,cement,h-bunk,decrease,4
score-4_139,5,MD,cement,h-bunk,decrease,4
score-4_140,5,MD,cement,h-bunk,decrease,4
score-4_141,5,MD,cement,h-bunk,decrease,4
score-4_142,5,MD,cement,h-bunk,decrease,4
score-4_143,5,MD,cement,h-bunk,decrease,4
score-4_144,5,MD,cement,h-bunk,decrease,4
score-4_145,5,MD,cement,h-bunk,decrease,4
score-4_146,5,MD,cement,h-bunk,decrease,4
score-4_147,5,MD,cement,h-bunk,decrease,4
score-4_148,5,MD,cement,h-bunk,decrease,4
score-4_149,5,MD,cement,h-bunk,decrease,4
score-4_150,5,MD,cement,h-bunk,decrease,4
score-4_151,5,MD,cement,h-bunk,decrease,4
score-4_152,5,MD,cement,h-bunk,decrease,4
score-4_153,5,MD,cement,h-bunk,decrease,4
score-4_154,5,MD,cement,h-bunk,decrease,4
score-4_155,5,MD,cement,h-bunk,decrease,4
score-4_156,5,MD,cement,h-bunk,decrease,4
score-4_157,5,MD,cement,h-bunk,decrease,4
score-4_158,5,MD,cement,h-bunk,decrease,4
score-4_159,5,MD,cement,h-bunk,decrease,4
score-4_160,5,MD,cement,h-bunk,decrease,4
score-4_161,5,MD,cement,h-bunk,decrease,4
score-4_162,5,MD,cement,h-bunk,decrease,4
score-4_163,5,MD,cement,h-bunk,decrease,4
score-4_164,5,MD,cement,h-bunk,decrease,4
score-4_165,5,MD,cement,h-bunk,decrease,4
score-4_166,5,MD,cement,h-bunk,decrease,4
score-4_167,5,MD,cement,h-bunk,decrease,4
score-4_168,5,MD,cement,h-bunk,decrease,4
score-4_169,5,MD,cement,h-bunk,decrease,4
score-4_170,5,MD,cement,h-bunk,decrease,4
score-4_171,5,MD,cement,h-bunk,decrease,4
score-4_172,5,MD,cement,h-bunk,decrease,4
score-4_173,5,MD,cement,h-bunk,decrease,4
score-4_174,5,MD,cement,h-bunk,decrease,4
score-4_175,5,MD,cement,h-bunk,decrease,4
score-4_176,5,MD,cement,h-bunk,decrease,4
score-4_177,5,MD,cement,h-bunk,decrease,4
score-4_178,5,MD,cement,h-bunk,decrease,4
score-4_179,5,MD,cement,h-bunk,decrease,4
score-4_180,5,MD,cement,h-bunk,decrease,4
score-4_181,5,MD,cement,h-bunk,decrease,4
score-4_182,5,MD,cement,h-bunk,decrease,4
score-4_183,5,MD,cement,h-bunk,decrease,4
score-4_184,5,MD,cement,h-bunk,decrease,4
score-4_185,5,MD,cement,h-bunk,decrease,4
score-4_186,5,MD,cement,h-bunk,decrease,4
score-4_187,5,MD,cement,h-bunk,decrease,4
score-4_188,5,MD,cement,h-bunk,decrease,4
score-4_189,5,MD,cement,h-bunk,decrease,4
score-4_190,5,MD,cement,h-bunk,decrease,4
score-4_191,5,MD,cement,h-bunk,decrease,4
score-4_192,5,MD,cement,h-bunk,decrease,4
score-4_193,5,MD,cement,h-bunk,decrease,4
score-4_194,5,MD,cement,h-bunk,decrease,4
score-4_195,5,MD,cement,h-bunk,decrease,4
score-4_196,5,MD,cement,h-bunk,decrease,4
score-4_197,5,MD,cement,h-bunk,decrease,4
score-4_198,5,MD,cement,h-bunk,decrease,4
score-4_199,5,MD,cement,h-bunk,decrease,4
score-4_200,5,MD,cement,h-bunk,decrease,4
score-4_201,5,MD,cement,h-bunk,decrease,4
score-4_202,5,MD,cement,h-bunk,decrease,4
score-4_203,5,MD,cement,h-bunk,decrease,4
score-4_204,5,MD,cement,h-bunk,decrease,4
score-4_205,5,MD,cement,h-bunk,decrease,4
score-4_206,5,MD,cement,h-bunk,decrease,4
score-4_207,5,MD,cement,h-bunk,decrease,4
score-4_208,5,MD,cement,h-bunk,decrease,4
score-4_209,5,MD,cement,h-bunk,decrease,4
score-4_210,5,MD,cement,h-bunk,decrease,4
score-4_211,5,MD,cement,h-bunk,decrease,4
score-4_212,5,MD,cement,h-bunk,decrease,4
score-4_213,5,MD,cement,h-bunk,decrease,4
score-4_214,5,MD,cement,h-bunk,decrease,4
score-4_215,5,MD,cement,h-bunk,decrease,4
score-4_216,5,MD,cement,h-bunk,decrease,4
score-4_217,5,MD,cement,h-bunk,decrease,4
score-4_218,5,MD,cement,h-bunk,decrease,4
score-4_219,5,MD,cement,h-bunk,decrease,4
score-4_220,5,MD,cement,h-bunk,decrease,4
score-4_221,5,MD,cement,h-bunk,decrease,4
score-4_222,5,MD,cement,h-bunk,decrease,4
score-4_223,5,MD,cement,h-bunk,decrease,4
score-4_224,5,MD,cement,h-bunk,decrease,4
score-4_225,5,MD,cement,h-bunk,decrease,4
score-4_226,5,MD,cement,h-bunk,decrease,4
score-4_227,5,MD,cement,h-bunk,decrease,4
score-4_228,5,MD,cement,h-bunk,decrease,4
score-4_229,5,MD,cement,h-bunk,decrease,4
score-4_230,5,MD,cement,h-bunk,decrease,4
score-4_231,5,MD,cement,h-bunk,decrease,4
score-4_232,5,MD,cement,h-bunk,decrease,4
score-4_233,5,MD,cement,h-bunk,decrease,4
score-4_234,5,MD,cement,h-bunk,decrease,4
score-4_235,5,MD,cement,h-bunk,decrease,4
score-4_236,5,MD,cement,h-bunk,decrease,4
score-4_237,5,MD,cement,h-bunk,decrease,4
score-4_238,5,MD,cement,h-bunk,decrease,4
score-4_239,5,MD,cement,h-bunk,decrease,4
score-4_240,5,MD,cement,h-bunk,decrease,4
score-4_241,5,MD,cement,h-bunk,decrease,4
score-4_242,5,MD,cement,h-bunk,decrease,4
score-4_243,5,MD,cement,h-bunk,decrease,4
score-4_244,5,MD,cement,h-bunk,decrease,4
score-4_245,5,MD,cement,h-bunk,decrease,4
score-4_246,5,MD,cement,h-bunk,decrease,4
score-4_247,5,MD,cement,h-bunk,decrease,4
score-4_248,5,MD,cement,h-bunk,decrease,4
score-4_249,5,MD,cement,h-bunk,decrease,4
score-4_250,5,MD,cement,h-bunk,decrease,4
score-4_251,5,MD,cement,h-bunk,decrease,4
score-4_252,5,MD,cement,h-bunk,decrease,4
score-4_253,5,MD,cement,h-bunk,decrease,4
score-4_254,5,MD,cement,h-bunk,decrease,4
score-4_255,5,MD,cement,h-bunk,decrease,4
score-4_256,5,MD,cement,h-bunk,decrease,4
score-4_257,5,MD,cement,h-bunk,decrease,4
score-4_258,5,MD,cement,h-bunk,decrease,4
score-4_259,5,MD,cement,h-bunk,decrease,4
score-4_260,5,MD,cement,j-bunk,decrease,4
score-4_261,5,MD,cement,j-bunk,decrease,4
score-4_262,5,MD,cement,j-bunk,decrease,4
score-4_263,5,MD,cement,j-bunk,decrease,4
score-4_264,5,MD,cement,j-bunk,decrease,4
score-4_265,5,MD,cement,j-bunk,decrease,4
score-4_266,5,MD,cement,j-bunk,decrease,4
score-4_267,5,MD,cement,j-bunk,decrease,4
score-4_268,5,MD,cement,j-bunk,decrease,4
score-4_269,5,MD,cement,j-bunk,decrease,4
score-4_270,5,MD,cement,j-bunk,decrease,4
score-4_271,5,MD,cement,j-bunk,decrease,4
score-4_272,5,MD,cement,j-bunk,decrease,4
score-4_273,5,MD,cement,j-bunk,decrease,4
score-4_274,5,MD,cement,j-bunk,decrease,4
score-4_275,5,MD,cement,j-bunk,decrease,4
score-4_276,5,MD,cement,j-bunk,decrease,4
score-4_277,5,MD,cement,j-bunk,decrease,4
score-4_278,5,MD,cement,j-bunk,decrease,4
score-4_279,5,MD,cement,j-bunk,decrease,4
score-4_280,6,soybean-silage_soybean_ddg_corn_citrus-pulp,plastic,j-bunk,decrease,4
score-4_281,6,soybean-silage_soybean_ddg_corn_citrus-pulp,plastic,j-bunk,decrease,4
score-4_282,6,soybean-silage_soybean_ddg_corn_citrus-pulp,plastic,j-bunk,decrease,4
score-4_283,6,soybean-silage_soybean_ddg_corn_citrus-pulp,plastic,j-bunk,decrease,4
score-4_284,6,soybean-silage_soybean_ddg_corn_citrus-pulp,plastic,j-bunk,decrease,4
score-4_285,6,soybean-silage_soybean_ddg_corn_citrus-pulp,plastic,j-bunk,decrease,4
score-4_286,6,soybean-silage_soybean_ddg_corn_citrus-pulp,plastic,j-bunk,decrease,4
score-4_287,6,soybean-silage_soybean_ddg_corn_citrus-pulp,plastic,j-bunk,decrease,4
score-4_288,6,soybean-silage_soybean_ddg_corn_citrus-pulp,plastic,j-bunk,decrease,4
score-4_289,6,soybean-silage_soybean_ddg_corn_citrus-pulp,plastic,j-bunk,decrease,4
score-4_290,6,soybean-silage_soybean_ddg_corn_citrus-pulp,plastic,j-bunk,decrease,4
score-4_291,6,soybean-silage_soybean_ddg_corn_citrus-pulp,plastic,j-bunk,decrease,4
score-4_292,6,soybean-silage_soybean_ddg_corn_citrus-pulp,plastic,j-bunk,decrease,4
score-4_293,6,soybean-silage_soybean_ddg_corn_citrus-pulp,plastic,j-bunk,decrease,4
score-4_294,6,soybean-silage_soybean_ddg_corn_citrus-pulp,plastic,j-bunk,decrease,4
score-4_295,6,soybean-silage_soybean_ddg_corn_citrus-pulp,plastic,j-bunk,decrease,4
score-4_296,6,soybean-silage_soybean_ddg_corn_citrus-pulp,plastic,j-bunk,decrease,4
score-4_297,6,soybean-silage_soybean_ddg_corn_citrus-pulp,plastic,j-bunk,decrease,4
score-4_298,6,soybean-silage_soybean_ddg_corn_citrus-pulp,plastic,j-bunk,decrease,4
score-4_299,6,soybean-silage_soybean_ddg_corn_citrus-pulp,plastic,j-bunk,decrease,4
score-4_300,5,cornmeal_soybean-meal_mineral-supplement,cement,h-bunk,decrease,4
score-4_301,5,cornmeal_soybean-meal_mineral-supplement,cement,h-bunk,decrease,4
score-4_302,6,soybean-silage_soybean_ddg_corn_citrus-pulp,plastic,j-bunk,decrease,4
score-4_303,6,soybean-silage_soybean_ddg_corn_citrus-pulp,plastic,j-bunk,decrease,4
score-4_304,6,soybean-silage_soybean_ddg_corn_citrus-pulp,plastic,j-bunk,decrease,4
score-4_305,6,soybean-silage_soybean_ddg_corn_citrus-pulp,plastic,j-bunk,decrease,4
score-4_306,6,soybean-silage_soybean_ddg_corn_citrus-pulp,plastic,j-bunk,decrease,4
score-4_307,6,soybean-silage_soybean_ddg_corn_citrus-pulp,plastic,j-bunk,decrease,4
score-4_308,6,soybean-silage_soybean_ddg_corn_citrus-pulp,plastic,j-bunk,decrease,4
score-4_309,0,MD,cement,feed-curb,decrease,4
score-4_310,0,MD,cement,feed-curb,decrease,4
score-4_311,0,MD,cement,feed-curb,decrease,4
score-4_312,0,MD,cement,feed-curb,decrease,4
score-4_313,0,MD,cement,feed-curb,decrease,4
score-4_314,0,MD,cement,feed-curb,decrease,4
score-4_315,0,MD,cement,feed-curb,decrease,4
score-4_316,0,MD,cement,feed-curb,decrease,4
score-4_317,5,MD,cement,h-bunk,decrease,4
score-4_318,5,MD,cement,h-bunk,decrease,4
score-4_319,3,citrus-pulp_cottonseed_cattle-feed_corn-silage,cement-ceramic,feed-curb,decrease,4
score-4_320,3,citrus-pulp_cottonseed_cattle-feed_corn-silage,cement-ceramic,feed-curb,decrease,4
score-4_321,3,citrus-pulp_cottonseed_cattle-feed_corn-silage,cement-ceramic,feed-curb,decrease,4
score-4_322,3,citrus-pulp_cottonseed_cattle-feed_corn-silage,cement-ceramic,feed-curb,decrease,4
score-4_323,3,citrus-pulp_cottonseed_cattle-feed_corn-silage,cement-ceramic,feed-curb,decrease,4
score-4_324,3,citrus-pulp_cottonseed_cattle-feed_corn-silage,cement-ceramic,feed-curb,decrease,4
score-4_325,3,citrus-pulp_cottonseed_cattle-feed_corn-silage,cement-ceramic,feed-curb,decrease,4
score-4_326,3,citrus-pulp_cottonseed_cattle-feed_corn-silage,cement-ceramic,feed-curb,decrease,4
score-4_327,5,MD,cement,h-bunk,decrease,4
score-4_328,5,MD,cement,h-bunk,decrease,4
score-4_329,5,MD,cement,h-bunk,decrease,4
score-4_330,5,MD,cement,h-bunk,decrease,4
score-4_331,5,MD,cement,h-bunk,decrease,4
score-4_332,5,MD,cement,h-bunk,decrease,4
score-4_333,5,MD,cement,h-bunk,decrease,4
score-4_334,5,MD,cement,h-bunk,decrease,4
score-4_335,5,MD,cement,h-bunk,decrease,4
score-4_336,5,MD,cement,h-bunk,decrease,4
score-4_337,5,MD,cement,h-bunk,decrease,4
score-4_338,5,MD,cement,h-bunk,decrease,4
score-4_339,5,MD,cement,h-bunk,decrease,4
score-4_340,5,MD,cement,h-bunk,decrease,4
score-4_341,5,MD,cement,h-bunk,decrease,4
score-4_342,5,MD,cement,h-bunk,decrease,4
score-4_343,5,MD,cement,h-bunk,decrease,4
score-4_344,5,MD,cement,h-bunk,decrease,4
score-4_345,5,MD,cement,h-bunk,decrease,4
score-4_346,5,MD,cement,h-bunk,decrease,4
score-4_347,5,MD,cement,h-bunk,decrease,4
score-4_348,5,MD,cement,h-bunk,decrease,4
score-4_349,5,MD,cement,h-bunk,decrease,4
score-4_350,5,MD,cement,h-bunk,decrease,4
score-4_351,5,MD,cement,h-bunk,decrease,4
score-4_352,5,MD,cement,h-bunk,decrease,4
score-4_353,5,MD,cement,h-bunk,decrease,4
score-4_354,5,MD,cement,h-bunk,decrease,4
score-4_355,5,MD,cement,h-bunk,decrease,4
score-4_356,5,MD,cement,h-bunk,decrease,4
score-4_357,5,MD,cement,h-bunk,decrease,4
score-4_358,5,MD,cement,h-bunk,decrease,4
score-4_359,5,MD,cement,h-bunk,decrease,4
score-4_360,5,MD,cement,h-bunk,decrease,4
score-4_361,5,MD,cement,h-bunk,decrease,4
score-4_362,5,MD,cement,h-bunk,decrease,4
score-4_363,5,MD,cement,h-bunk,decrease,4
score-4_364,5,MD,cement,h-bunk,decrease,4
score-4_365,5,MD,cement,h-bunk,decrease,4
score-4_366,5,MD,cement,h-bunk,decrease,4
score-4_367,5,MD,cement,h-bunk,decrease,4
score-4_368,5,MD,cement,h-bunk,decrease,4
score-4_369,5,MD,cement,h-bunk,decrease,4
score-4_370,5,MD,cement,h-bunk,decrease,4
score-4_371,5,MD,cement,h-bunk,decrease,4
score-4_372,5,MD,cement,h-bunk,decrease,4
score-4_373,5,MD,cement,h-bunk,decrease,4
score-4_374,5,MD,cement,h-bunk,decrease,4
score-4_375,5,MD,cement,h-bunk,decrease,4
score-4_376,5,MD,cement,h-bunk,decrease,4
score-4_377,5,MD,cement,h-bunk,decrease,4
score-4_378,5,MD,cement,h-bunk,decrease,4
score-4_379,5,MD,cement,h-bunk,decrease,4
score-4_380,5,MD,cement,h-bunk,decrease,4
score-4_381,5,MD,cement,h-bunk,decrease,4
score-4_382,5,MD,cement,h-bunk,decrease,4
score-4_383,5,MD,cement,h-bunk,decrease,4
score-4_384,5,MD,cement,h-bunk,decrease,4
score-4_385,5,MD,cement,h-bunk,decrease,4
score-4_386,5,MD,cement,h-bunk,decrease,4
score-4_387,5,MD,cement,h-bunk,decrease,4
score-4_388,5,MD,cement,h-bunk,decrease,4
score-4_389,5,MD,cement,h-bunk,decrease,4
score-4_390,5,MD,cement,h-bunk,decrease,4
score-4_391,5,MD,cement,h-bunk,decrease,4
score-4_392,5,MD,cement,h-bunk,decrease,4
score-4_393,5,MD,cement,h-bunk,decrease,4
score-4_394,5,MD,cement,h-bunk,decrease,4
score-4_395,5,MD,cement,h-bunk,decrease,4
score-4_396,5,MD,cement,h-bunk,decrease,4
score-4_397,5,MD,cement,h-bunk,decrease,4
score-4_398,5,MD,cement,h-bunk,decrease,4
score-4_399,5,MD,cement,h-bunk,decrease,4
score-4_400,5,MD,cement,h-bunk,decrease,4
score-4_401,5,MD,cement,h-bunk,decrease,4
score-4_402,5,MD,cement,h-bunk,decrease,4
score-4_403,5,MD,cement,h-bunk,decrease,4
score-4_404,5,MD,cement,h-bunk,decrease,4
score-4_405,5,MD,cement,h-bunk,decrease,4
score-4_406,5,MD,cement,h-bunk,decrease,4
score-4_407,5,MD,cement,h-bunk,decrease,4
score-4_408,5,MD,cement,h-bunk,decrease,4
score-4_409,5,MD,cement,h-bunk,decrease,4
score-4_410,5,MD,cement,h-bunk,decrease,4
score-4_411,5,MD,cement,h-bunk,decrease,4
score-4_412,5,MD,cement,h-bunk,decrease,4
score-4_413,5,MD,cement,h-bunk,decrease,4
score-4_414,5,MD,cement,h-bunk,decrease,4
score-4_415,5,MD,cement,h-bunk,decrease,4
score-4_416,5,MD,cement,h-bunk,decrease,4
score-4_417,5,MD,cement,h-bunk,decrease,4
score-4_418,5,MD,cement,h-bunk,decrease,4
score-4_419,5,MD,cement,h-bunk,decrease,4
score-4_420,5,MD,cement,h-bunk,decrease,4
score-4_421,5,MD,cement,h-bunk,decrease,4
score-4_422,5,MD,cement,h-bunk,decrease,4
score-4_423,5,MD,cement,h-bunk,decrease,4
score-4_424,5,MD,cement,h-bunk,decrease,4
score-4_425,5,MD,cement,h-bunk,decrease,4
score-4_426,5,MD,cement,h-bunk,decrease,4
score-4_427,5,MD,cement,h-bunk,decrease,4
score-4_428,5,MD,cement,h-bunk,decrease,4
score-4_429,5,MD,cement,h-bunk,decrease,4
score-4_430,5,MD,cement,h-bunk,decrease,4
score-4_431,5,MD,cement,h-bunk,decrease,4
score-4_432,5,MD,cement,h-bunk,decrease,4
score-4_433,5,MD,cement,h-bunk,decrease,4
score-4_434,5,MD,cement,h-bunk,decrease,4
score-4_435,5,MD,cement,h-bunk,decrease,4
score-4_436,5,MD,cement,h-bunk,decrease,4
score-4_437,5,MD,cement,h-bunk,decrease,4
score-4_438,5,MD,cement,h-bunk,decrease,4
score-4_439,5,MD,cement,h-bunk,decrease,4
score-4_440,5,MD,cement,h-bunk,decrease,4
score-4_441,5,MD,cement,h-bunk,decrease,4
score-4_442,5,MD,cement,h-bunk,decrease,4
score-4_443,5,MD,cement,h-bunk,decrease,4
score-4_444,5,MD,cement,h-bunk,decrease,4
score-4_445,5,MD,cement,h-bunk,decrease,4
score-4_446,5,MD,cement,h-bunk,decrease,4
score-4_447,5,MD,cement,h-bunk,decrease,4
score-4_448,5,MD,cement,h-bunk,decrease,4
score-4_449,5,MD,cement,h-bunk,decrease,4
score-4_450,5,MD,cement,h-bunk,decrease,4
score-4_451,5,MD,cement,h-bunk,decrease,4
score-4_452,5,MD,cement,h-bunk,decrease,4
score-4_453,5,MD,cement,h-bunk,decrease,4
score-4_454,5,MD,cement,h-bunk,decrease,4
score-4_455,5,MD,cement,h-bunk,decrease,4
score-4_456,5,MD,cement,h-bunk,decrease,4
score-4_457,5,MD,cement,h-bunk,decrease,4
score-4_458,5,MD,cement,h-bunk,decrease,4
score-4_459,5,MD,cement,h-bunk,decrease,4
score-4_460,5,MD,cement,h-bunk,decrease,4
score-4_461,5,MD,cement,h-bunk,decrease,4
score-4_462,5,MD,cement,h-bunk,decrease,4
score-4_463,5,MD,cement,h-bunk,decrease,4
score-4_464,5,MD,cement,h-bunk,decrease,4
score-4_465,5,MD,cement,h-bunk,decrease,4
score-4_466,5,MD,cement,h-bunk,decrease,4
score-4_467,5,MD,cement,h-bunk,decrease,4
score-4_468,5,MD,cement,h-bunk,decrease,4
score-4_469,5,MD,cement,h-bunk,decrease,4
score-4_470,5,MD,cement,h-bunk,decrease,4
score-4_471,5,MD,cement,h-bunk,decrease,4
score-4_472,5,MD,cement,h-bunk,decrease,4
score-4_473,5,MD,cement,h-bunk,decrease,4
score-4_474,5,MD,cement,h-bunk,decrease,4
score-4_475,5,MD,cement,h-bunk,decrease,4
score-4_476,5,MD,cement,h-bunk,decrease,4
score-4_477,5,MD,cement,h-bunk,decrease,4
score-4_478,5,MD,cement,h-bunk,decrease,4
score-4_479,5,MD,cement,h-bunk,decrease,4
score-4_480,5,MD,cement,h-bunk,decrease,4
score-4_481,5,MD,cement,h-bunk,decrease,4
score-4_482,5,MD,cement,h-bunk,decrease,4
score-4_483,5,MD,cement,h-bunk,decrease,4
score-4_484,5,MD,cement,h-bunk,decrease,4
score-4_485,5,MD,cement,h-bunk,decrease,4
score-4_486,5,MD,cement,h-bunk,decrease,4
score-4_487,5,MD,cement,h-bunk,decrease,4
score-4_488,5,MD,cement,h-bunk,decrease,4
score-4_489,5,MD,cement,h-bunk,decrease,4
score-4_490,5,MD,cement,h-bunk,decrease,4
score-4_491,5,MD,cement,h-bunk,decrease,4
score-4_492,5,MD,cement,h-bunk,decrease,4
score-4_493,5,MD,cement,h-bunk,decrease,4
score-4_494,5,MD,cement,h-bunk,decrease,4
score-4_495,5,MD,cement,h-bunk,decrease,4
score-4_496,5,MD,cement,h-bunk,decrease,4
score-4_497,5,MD,cement,h-bunk,decrease,4
score-4_498,5,MD,cement,h-bunk,decrease,4
score-4_499,5,MD,cement,h-bunk,decrease,4
score-4_500,5,MD,cement,h-bunk,decrease,4
score-4_501,3,citrus-pulp_cottonseed_cattle-feed_corn-silage,cement-ceramic,feed-curb,decrease,4
score-4_502,3,citrus-pulp_cottonseed_cattle-feed_corn-silage,cement-ceramic,feed-curb,decrease,4
score-4_503,3,citrus-pulp_cottonseed_cattle-feed_corn-silage,cement-ceramic,feed-curb,decrease,4
score-4_504,3,citrus-pulp_cottonseed_cattle-feed_corn-silage,cement-ceramic,feed-curb,decrease,4
score-4_505,5,MD,cement,feed-curb,decrease,4
score-4_506,5,MD,cement,h-bunk,decrease,4
